A000055,AL,4,Robert_B._Aderholt,M,R,1997,19787529402,Robert_Aderholt,2,28,458,88
A000367,MI,3,Justin_Amash,M,R,2011,173604349345646,RepJustinAmash,0,16,161,79
A000369,NV,2,Mark_E._Amodei,M,R,2011,307227745970624,MarkAmodeiNV2,1,37,481,87
A000370,NC,12,Alma_Adams,F,D,2014,none,RepAdams,0,5,24,98
A000371,CA,31,Pete_Aguilar,M,D,2015,none,reppeteaguilar,0,0,21,92
A000372,GA,12,Rick_Allen,M,R,2015,none,reprickallen,0,0,44,95
A000373,NE,2,Brad_Ashford,M,D,2015,none,RepBradAshford,0,2,50,77
A000374,LA,5,Ralph_Abraham,M,R,2015,none,RepAbraham,0,4,35,96
B000213,TX,6,Joe_Linus_Barton,M,R,1985,15617630596,RepJoeBarton,0,25,569,89
B000287,CA,34,Xavier_Becerra,M,D,1993,90311772229,RepBecerra,0,41,336,93
B000490,GA,2,Sanford_D._Bishop,M,D,1993,366739521606,SanfordBishop,0,37,1061,88
B000574,OR,3,Earl_Blumenauer,M,D,1996,None,BlumenauerMedia,3,106,1733,92
B000589,OH,8,John_A._Boehner,M,R,1991,175082565865743,SpeakerBoehner,4,19,125,87
B000755,TX,8,Kevin_P._Brady,M,R,1997,9307301412,RepKevinBrady,1,56,657,91
B000911,FL,5,Corrine_Brown,F,D,1993,179120958813519,RepCorrineBrown,4,29,1315,90
B001227,PA,1,Robert_Alan_Brady,M,D,1998,118845109487,RepBrady,3,44,1073,95
B001243,TN,7,Marsha_W._Blackburn,F,R,2003,6470828395,MarshaBlackburn,2,79,1411,93
B001248,TX,26,Michael_C._Burgess,M,R,2003,6916472567,MichaelCBurgess,26,129,808,90
B001250,UT,1,Rob_Bishop,M,R,2003,RepRobBishop,RepRobBishop,14,86,961,87
B001251,NC,1,George_Kenneth_Butterfield,M,D,2004,274687979233940,GKButterfield,3,38,885,91
B001255,LA,3,Charles_W._Boustany,M,R,2005,197407646951718,RepBoustany,1,67,734,93
B001257,FL,12,Gus_M._Bilirakis,M,R,2007,135445766485586,RepGusBilirakis,6,85,793,93
B001260,FL,16,Vern_Buchanan,M,R,2007,67106719910,VernBuchanan,0,42,616,90
B001269,PA,11,Lou_Barletta,M,R,2011,192357174108435,RepLouBarletta,4,35,568,91
B001270,CA,37,Karen_Bass,F,D,2011,190867440939405,RepKarenBass,2,34,714,85
B001271,MI,1,Dan_Benishek,M,R,2011,124163654317596,CongressmanDan,1,34,619,90
B001273,TN,6,Diane_Black,F,R,2011,186436274719648,RepDianeBlack,2,46,548,95
B001274,AL,5,Mo_Brooks,M,R,2011,155220881193244,RepMoBrooks,0,16,522,91
B001275,IN,8,Larry_Bucshon,M,R,2011,135670516492974,RepLarryBucshon,1,19,462,95
B001278,OR,1,Suzanne_Bonamici,F,D,2012,252633384817156,RepBonamici,0,25,537,96
B001281,OH,3,Joyce_Beatty,F,D,2013,RepJoyceBeatty,RepBeatty,2,27,394,95
B001282,KY,6,Garland_Barr,M,R,2013,457461137635018,RepAndyBarr,1,24,303,95
B001283,OK,1,Jim_Bridenstine,M,R,2013,460003650715961,RepJBridenstine,0,12,264,91
B001284,IN,5,Susan_W._Brooks,F,R,2013,517697358277175,SusanWBrooks,2,7,262,95
B001285,CA,26,Julia_Brownley,F,D,2013,330504617051234,JuliaBrownley26,0,23,513,90
B001286,IL,17,Cheri_Bustos,F,D,2013,581909665168588,RepCheri,0,13,381,85
B001287,CA,7,Ami_Bera,M,D,2013,528662157146886,RepBera,0,7,270,88
B001289,AL,1,Bradley_Byrne,M,R,2014,1374832002773142,RepByrne,1,6,180,91
B001290,VA,7,David_Alan_Brat,M,R,2014,none,none,0,0,24,88
B001291,TX,36,Brian_Babin,M,R,2015,none,RepBrianBabin,0,1,80,94
B001292,VA,8,Donald_Beyer,M,D,2015,none,none,0,3,61,98
B001293,MI,8,Mike_Bishop,M,R,2015,none,RepMikeBishop,0,0,30,94
B001294,IA,1,Rod_Blum,M,R,2015,none,RepRodBlum,0,0,63,90
B001295,IL,12,Mike_Bost,M,R,2015,none,RepBost,0,1,34,92
B001296,PA,13,Brendan_Boyle,M,D,2015,none,RepBrendanBoyle,0,0,26,94
B001297,CO,4,Ken_Buck,M,R,2015,none,RepKenBuck,0,0,29,90
C000059,CA,42,Ken_S._Calvert,M,R,1993,70063393423,KenCalvert,4,41,1040,92
C000266,OH,1,Steve_J._Chabot,M,R,1995,204705339555378,RepSteveChabot,3,39,655,95
C000537,SC,6,James_E._Clyburn,M,D,1993,127744320598870,Clyburn,1,12,312,93
C000714,MI,13,John_Conyers,M,D,1965,206947066849,RepJohnConyers,11,164,2044,86
C000754,TN,5,Jim_Cooper,M,D,1983,JimCooper,RepJimCooper,1,25,526,87
C000984,MD,7,Elijah_E._Cummings,M,D,1996,291368465380,RepCummings,5,55,1164,95
C001036,CA,24,Lois_Capps,F,D,1998,168989481141,RepLoisCapps,4,90,1239,95
C001037,MA,7,Michael_E._Capuano,M,D,1999,151168844937573,None,1,66,1134,87
C001038,NY,14,Joseph_Crowley,M,D,1999,176197712425090,RepJoeCrowley,4,76,879,94
C001045,FL,4,Ander_Crenshaw,M,R,2001,200388204657,AnderCrenshaw,3,17,520,89
C001048,TX,7,John_Abney_Culberson,M,R,2001,1751723339,CongCulberson,3,36,720,87
C001049,MO,1,Wm._Lacy_Clay,M,D,2001,109135405838588,None,3,62,1266,91
C001051,TX,31,John_R._Carter,M,R,2003,1287257083,JudgeCarter,6,59,835,89
C001053,OK,4,Tom_Cole,M,R,2003,146497782066300,TomColeOK04,18,58,912,90
C001059,CA,16,Jim_Costa,M,D,2005,RepJimCosta,RepJimCosta,2,45,769,83
C001061,MO,5,Emanuel_Cleaver,M,D,2005,7954512692,RepCleaver,1,46,930,91
C001062,TX,11,K._Michael_Conaway,M,R,2005,203482063021985,ConawayTX11,0,26,965,91
C001063,TX,28,Henry_Cuellar,M,D,2005,152569121550,RepCuellar,3,32,546,87
C001066,FL,14,Kathy_Castor,F,D,2007,181810465190906,USRepKCastor,0,33,871,93
C001067,NY,9,Yvette_D._Clarke,F,D,2007,135031389892682,YvetteClarke,4,39,1353,92
C001068,TN,9,Steve_Cohen,M,D,2007,111456965545421,RepCohen,5,126,2063,94
C001069,CT,2,Joe_Courtney,M,D,2007,330408799230,RepJoeCourtney,3,53,1455,95
C001072,IN,7,André_Carson,M,D,2008,123884330964019,RepAndreCarson,0,53,1291,96
C001076,UT,3,Jason_Chaffetz,M,R,2009,390419731073316,JasonInTheHouse,5,98,820,90
C001077,CO,6,Mike_Coffman,M,R,2009,366142384492,RepMikeCoffman,4,51,961,93
C001078,VA,11,Gerald_E._Connolly,M,D,2009,177164035838,GerryConnolly,3,92,1817,94
C001080,CA,27,Judy_M._Chu,F,D,2009,41228315130,RepJudyChu,1,39,1344,93
C001083,DE,0,John_C._Carney,M,D,2011,156024857781159,JohnCarneyde,1,53,330,89
C001084,RI,1,David_N._Cicilline,M,D,2011,186949061341027,RepCicilline,0,39,1028,94
C001087,AR,1,Eric_A._Crawford,M,R,2011,143344975723788,RepRickCrawford,1,32,477,88
C001090,PA,17,Matthew_A._Cartwright,M,D,2013,248507065275406,RepCartwright,0,68,824,94
C001091,TX,20,Joaquin_Castro,M,D,2013,326420614138023,JoaquinCastrotx,0,10,140,92
C001092,NY,27,Chris_Collins,M,R,2013,467047586692268,RepChrisCollins,0,9,333,94
C001093,GA,9,Doug_Collins,M,R,2013,505646972800006,RepDougCollins,2,21,220,91
C001094,CA,8,Paul_Cook,M,R,2013,464458413604093,RepPaulCook,0,15,296,94
C001096,ND,0,Kevin_Cramer,M,R,2013,498751820147706,RepKevinCramer,1,7,444,89
C001097,CA,29,Tony_Cárdenas,M,D,2013,485493954794945,RepCardenas,0,24,462,89
C001101,MA,5,Katherine_M._Clark,F,D,2013,1408040802774787,RepKClark,0,5,330,91
C001102,FL,19,Curtis_Clawson,M,R,2014,none,RepCurtClawson,0,4,83,92
C001103,GA,1,Buddy_Carter,M,R,2015,none,RepBuddyCarter,0,3,38,96
C001105,VA,10,Barbara_Comstock,F,R,2015,none,RepComstock,0,2,46,93
C001106,PA,6,Ryan_Costello,M,R,2015,none,RepRyanCostello,0,3,50,91
C001107,FL,26,Carlos_Curbelo,M,R,2015,none,RepCurbelo,0,2,51,91
D000096,IL,7,Danny_K._Davis,M,D,1997,280757931935749,RepDannyDavis,3,52,1166,89
D000191,OR,4,Peter_A._DeFazio,M,D,1987,94324364811,RepPeterDeFazio,1,87,1125,91
D000197,CO,1,Diana_L._DeGette,F,D,1997,110757973488,RepDianaDeGette,0,53,908,93
D000216,CT,3,Rosa_L._DeLauro,F,D,1991,181302611907634,RosaDeLauro,3,116,1149,95
D000399,TX,35,Lloyd_A._Doggett,M,D,1995,154050553704,RepLloydDoggett,2,48,776,94
D000482,PA,14,Michael_F._Doyle,M,D,1995,79663724861,USRepMikeDoyle,1,27,845,92
D000533,TN,2,John_J._Duncan,M,R,1988,102385999834718,RepJohnDuncanJr,2,36,961,88
D000598,CA,53,Susan_A._Davis,F,D,2001,103767526332478,RepSusanDavis,5,89,965,96
D000600,FL,25,Mario_Diaz-Balart,M,R,2003,119538428117878,MarioDB,2,16,642,86
D000604,PA,15,Charles_W._Dent,M,R,2005,69862092533,None,0,55,674,88
D000610,FL,21,Theodore_E._Deutch,M,D,2010,112179098816942,RepTedDeutch,0,48,830,93
D000612,CA,10,Jeff_Denham,M,R,2011,133714040028137,RepJeffDenham,2,39,337,92
D000613,IL,10,Bob_Dold,M,R,2011,131680867001,RepDold,0,44,221,82
D000614,WI,7,Sean_P._Duffy,M,R,2011,119657691436457,RepSeanDuffy,2,43,353,90
D000615,SC,3,Jeff_Duncan,M,R,2011,187268144624279,RepJeffDuncan,1,30,775,91
D000616,TN,4,Scott_DesJarlais,M,R,2011,ScottDesJarlaisTN04,DesJarlaisTN04,0,11,423,83
D000617,WA,1,Suzan_K._DelBene,F,D,2012,483962224987343,RepDelBene,0,18,403,92
D000619,IL,13,Rodney_Davis,M,R,2013,323631667743052,RodneyDavis,2,23,422,90
D000620,MD,6,John_K._Delaney,M,D,2013,324527257655694,RepJohnDelaney,1,14,339,90
D000621,FL,6,Ron_DeSantis,M,R,2013,464253846966014,RepDeSantis,2,15,257,94
D000622,IL,8,Tammy_Duckworth,F,D,2013,112300955610529,RepDuckworth,0,8,243,83
D000623,CA,11,Mark_DeSaulnier,M,D,2015,none,RepDeSaulnier,0,1,40,98
D000624,MI,12,Debbie_Dingell,F,D,2015,none,RepDebDingell,0,1,21,100
E000179,NY,16,Eliot_L._Engel,M,D,1989,103355984852,RepEliotEngel,5,95,995,91
E000215,CA,18,Anna_G._Eshoo,F,D,1993,174979964227,RepAnnaEshoo,0,36,1073,94
E000288,MN,5,Keith_Maurice_Ellison,M,D,2007,7997462059,KeithEllison,0,103,1946,90
E000290,MD,4,Donna_F._Edwards,F,D,2008,107297211756,RepDonnaEdwards,1,39,1037,94
E000291,NC,2,Renee_L._Ellmers,F,R,2011,167641493275000,RepReneeEllmers,0,39,590,93
E000293,CT,5,Elizabeth_H._Esty,F,D,2013,292076514228382,RepEsty,1,26,435,92
E000294,MN,6,Tom_Emmer,M,R,2015,none,RepTomEmmer,0,2,41,92
F000030,CA,20,Sam_Farr,M,D,1993,7018136294,RepSamFarr,3,32,1358,93
F000043,PA,2,Chaka_Fattah,M,D,1995,165961823475034,ChakaFattah,1,66,845,94
F000372,NJ,11,Rodney_P._Frelinghuysen,M,R,1995,191509977669708,USRepRodney,4,40,401,90
F000445,VA,4,J._Randy_Forbes,M,R,2001,356330225020,Randy_Forbes,0,58,916,93
F000448,AZ,8,Trent_Franks,M,R,2003,209486545087,RepTrentFranks,1,58,1304,91
F000449,NE,1,Jeff_Lane_Fortenberry,M,R,2005,48426842354,JeffFortenberry,3,73,615,88
F000450,NC,5,Virginia_Foxx,F,R,2005,RepVirginiaFoxx,VirginiaFoxx,19,78,566,93
F000451,PA,8,Michael_G._Fitzpatrick,M,R,2005,132077153521454,RepFitzpatrick,1,74,624,85
F000454,IL,11,Bill_Foster,M,D,2008,102918290599,RepBillFoster,1,37,460,90
F000455,OH,11,Marcia_L._Fudge,F,D,2008,279006440801,RepMarciaFudge,3,63,1174,92
F000456,LA,4,John_Fleming,M,R,2009,372154186772,RepFleming,0,41,786,95
F000458,TN,8,Stephen_Lee_Fincher,M,R,2011,128861763849209,RepFincherTN08,1,35,433,91
F000459,TN,3,Charles_J._Fleischmann,M,R,2011,189998554345168,RepChuck,0,11,323,95
F000460,TX,27,Blake_Farenthold,M,R,2011,186894244673001,Farenthold,2,28,678,95
F000461,TX,17,Bill_Flores,M,R,2011,146176682102245,RepBillFlores,1,26,587,94
F000462,FL,22,Lois_Frankel,F,D,2013,138220153003017,RepLoisFrankel,0,7,357,93
G000289,VA,6,Bob_W._Goodlatte,M,R,1993,6459789414,RepGoodlatte,5,48,691,95
G000377,TX,12,Kay_Granger,F,R,1997,49640749719,RepKayGranger,0,24,541,87
G000410,TX,29,Gene_Eugene_Green,M,D,1993,128735131872,RepGeneGreen,1,95,1118,89
G000535,IL,4,Luis_V._Gutiérrez,M,D,1993,91052833204,LuisGutierrez,0,20,1018,80
G000546,MO,6,Sam_B._Graves,M,R,2001,118514606128,None,1,94,664,89
G000548,NJ,5,Scott_Garrett,M,R,2003,6756553401,RepGarrett,7,82,688,91
G000551,AZ,3,Raúl_M._Grijalva,M,D,2003,73539896233,RepraulGrijalva,4,102,2862,86
G000552,TX,1,Louie_B._Gohmert,M,R,2005,50375006903,RepLouieGohmert,0,46,829,84
G000553,TX,9,Al_Green,M,D,2005,136237609724391,RepAlGreen,7,62,968,94
G000556,FL,9,Alan_Grayson,M,D,2009,None,None,3,135,733,93
G000558,KY,2,Brett_Guthrie,M,R,2009,None,RepGuthrie,5,41,740,94
G000559,CA,3,John_Garamendi,M,D,2009,182567716746,RepGaramendi,1,31,920,89
G000560,GA,14,Tom_Graves,M,R,2010,104548906262119,RepTomGraves,0,12,377,92
G000563,OH,7,Bob_Gibbs,M,R,2011,191159267565100,RepBobGibbs,1,9,459,95
G000564,NY,19,Christopher_P._Gibson,M,R,2011,190238567659779,RepChrisGibson,0,39,557,74
G000565,AZ,4,Paul_A._Gosar,M,R,2011,104329699641957,RepGosar,0,61,608,79
G000566,SC,4,Trey_Gowdy,M,R,2011,143059759084016,TGowdySC,1,12,377,93
G000568,VA,9,H._Morgan_Griffith,M,R,2011,141893975868919,RepMGriffith,0,30,343,90
G000570,NH,1,Frank_Guinta,M,R,2011,None,RepFrankGuinta,0,11,214,92
G000571,HI,2,Tulsi_Gabbard,F,D,2013,392284484191405,TulsiPress,1,14,289,89
G000574,AZ,7,Ruben_Gallego,M,D,2015,none,RepRubenGallego,0,1,26,98
G000575,FL,2,Gwen_Graham,F,D,2015,none,RepGwenGraham,0,4,23,86
G000576,WI,6,Glenn_Grothman,M,R,2015,none,none,0,1,63,90
G000577,LA,6,Garret_Graves,M,R,2015,none,RepGarretGraves,0,0,2,97
H000324,FL,20,Alcee_L._Hastings,M,D,1993,95696782238,RepHastingsFL,20,145,1812,89
H000636,TX,15,Rubén_E._Hinojosa,M,D,1997,402891225161,USRepRHinojosa,4,41,987,82
H000874,MD,5,Steny_H._Hoyer,M,D,1981,282861997886,WhipHoyer,10,39,207,94
H001034,CA,17,Michael_M._Honda,M,D,2001,15675385380,RepMikeHonda,4,111,1992,90
H001036,TX,5,Jeb_Hensarling,M,R,2003,7875604788,RepHensarling,0,35,608,93
H001038,NY,26,Brian_M._Higgins,M,D,2005,88144056440,RepBrianHiggins,1,40,956,92
H001045,MS,3,Gregg_Harper,M,R,2009,48248435938,GreggHarper,1,32,736,93
H001047,CT,4,James_A._Himes,M,D,2009,85767418619,JAHimes,0,41,878,91
H001048,CA,50,Duncan_D._Hunter,M,R,2009,79072979038,Rep_Hunter,2,64,727,93
H001051,NY,22,Richard_L._Hanna,M,R,2011,172284859480630,RepRichardHanna,0,29,716,83
H001052,MD,1,Andy_Harris,M,R,2011,508912729153334,RepAndyHarrisMD,0,21,590,93
H001053,MO,4,Vicky_Hartzler,F,R,2011,183580061667324,RepHartzler,0,12,607,91
H001055,NV,3,Joseph_J._Heck,M,R,2011,155211751194624,RepJoeHeck,2,39,437,90
H001056,WA,3,Jaime_Herrera Beutler,F,R,2011,177551525610164,HerreraBeutler,0,11,278,68
H001057,KS,1,Tim_Huelskamp,M,R,2011,congressmanhuelskamp,CongHuelskamp,0,43,518,88
H001058,MI,2,Bill_Huizenga,M,R,2011,145764842143763,RepHuizenga,1,43,595,94
H001059,IL,14,Randy_Hultgren,M,R,2011,186221644739359,RepHultgren,1,32,548,94
H001060,VA,5,Robert_Hurt,M,R,2011,120068161395562,RepRobertHurt,2,15,272,93
H001063,CA,44,Janice_Hahn,F,D,2011,256471267712118,Rep_JaniceHahn,0,45,638,94
H001064,WA,10,Denny_Heck,M,D,2013,547907568553615,RepDennyHeck,0,9,287,92
H001065,NC,13,George_Holding,M,R,2013,384164668340890,RepHolding,2,9,176,95
H001067,NC,8,Richard_Hudson,M,R,2013,212153802255530,RepRichHudson,2,17,245,93
H001068,CA,2,Jared_Huffman,M,D,2013,200227780116038,RepHuffman,0,18,599,92
H001070,NV,4,Cresent_Hardy,M,R,2015,none,none,0,2,26,92
H001071,GA,10,Jody_Hice,M,R,2015,none,congressmanhice,0,3,27,91
H001072,AR,2,French_Hill,M,R,2015,none,RepFrenchHill,0,0,54,97
H001073,TX,23,Will_Hurd,M,R,2015,none,hurdonthehill,0,2,23,94
I000056,CA,49,Darrell_E._Issa,M,R,2001,19463427992,DarrellIssa,10,109,623,93
I000057,NY,3,Steve_J._Israel,M,D,2001,RepSteveIsrael,RepSteveIsrael,3,161,1318,94
J000032,TX,18,Sheila_Jackson Lee,F,D,1995,169479190984,JacksonLeeTX18,4,222,1727,90
J000126,TX,30,Eddie_Bernice_Johnson,F,D,1993,84096022067,RepEBJ,1,86,1175,92
J000174,TX,3,Sam_Robert_Johnson,M,R,1991,52454091867,SamsPressShop,2,78,695,89
J000255,NC,3,Walter_B._Jones,M,R,1995,15083070102,RepWalterJones,0,97,1881,74
J000288,GA,4,Henry_C._Johnson,M,D,2007,115356957005,RepHankJohnson,4,59,1494,91
J000289,OH,4,Jim_Jordan,M,R,2007,35499336459,Jim_Jordan,1,21,596,92
J000290,KS,2,Lynn_Jenkins,F,R,2009,6974973662,RepLynnJenkins,4,51,902,95
J000292,OH,6,Bill_Johnson,M,R,2011,170477096312258,RepBillJohnson,3,30,900,96
J000294,NY,8,Hakeem_S._Jeffries,M,D,2013,118349138343701,RepJeffries,1,22,271,94
J000295,OH,14,David_P._Joyce,M,R,2013,404318572981934,RepDaveJoyce,0,6,400,90
J000296,FL,13,David_W._Jolly,M,R,2014,712496765463007,USRepDavidJolly,0,15,233,86
J000297,WV,3,Evan_Jenkins,M,R,2015,none,RepEvanJenkins,0,1,21,93
K000009,OH,9,Marcy_Kaptur,F,D,1983,173753129419169,RepMarcyKaptur,2,90,1133,91
K000188,WI,3,Ron_James_Kind,M,D,1997,89152017954,RepRonKind,3,83,914,90
K000210,NY,2,Peter_T._King,M,R,1993,None,RepPeteKing,0,129,1136,87
K000362,IA,4,Steve_A._King,M,R,2003,134325379926458,SteveKingIA,0,62,776,91
K000363,MN,2,John_Paul_Kline,M,R,2003,770135879667732,RepJohnKline,3,35,1001,94
K000368,AZ,1,Ann_Kirkpatrick,F,D,2009,152493768236405,RepKirkpatrick,4,55,540,83
K000375,MA,9,William_R._Keating,M,D,2011,183092598372008,USRepKeating,0,12,614,92
K000376,PA,3,Mike_Kelly,M,R,2011,191056827594903,MikeKellyPA,0,28,613,94
K000378,IL,16,Adam_Kinzinger,M,R,2011,187811174579106,RepKinzinger,1,28,529,92
K000379,MA,4,Joseph_P._Kennedy,M,D,2013,301936109927957,RepJoeKennedy,0,6,297,94
K000380,MI,5,Daniel_T._Kildee,M,D,2013,484166588292670,RepDanKildee,1,13,208,95
K000381,WA,6,Derek_Kilmer,M,D,2013,450819048314124,RepDerekKilmer,1,28,428,92
K000382,NH,2,Ann_M._Kuster,F,D,2013,115543081952049,RepAnnieKuster,1,13,542,92
K000385,IL,2,Robin_Kelly,F,D,2013,150380975141321,RepRobinKelly,0,21,259,95
K000386,NY,24,John_Katko,M,R,2015,none,RepJohnKatko,2,3,33,86
K000387,CA,25,Steve_Knight,M,R,2015,none,SteveKnight25,0,1,11,91
L000263,MI,9,Sander_M._Levin,M,D,1983,223726364320243,RepSandyLevin,6,45,771,96
L000287,GA,5,John_R._Lewis,M,D,1987,82737208404,RepJohnLewis,8,118,1570,84
L000397,CA,19,Zoe_Lofgren,F,D,1995,221191600719,RepZoeLofgren,5,66,1402,89
L000480,NY,17,Nita_M._Lowey,F,D,1989,158290607551599,NitaLowey,1,82,932,96
L000491,OK,3,Frank_D._Lucas,M,R,1993,7872057395,RepFrankLucas,3,17,421,91
L000551,CA,13,Barbara_Lee,F,D,1998,92190287786,RepBarbaraLee,5,192,2245,90
L000554,NJ,2,Frank_A._LoBiondo,M,R,1995,FrankLoBiondo,RepLoBiondo,0,37,845,87
L000557,CT,1,John_B._Larson,M,D,1999,6352928631,RepJohnLarson,0,90,907,93
L000559,RI,2,James_R._Langevin,M,D,2001,6578978441,JimLangevin,0,59,1033,95
L000560,WA,2,Rick_Larsen,M,D,2001,135654683137079,RepRickLarsen,0,48,757,93
L000562,MA,8,Stephen_F._Lynch,M,D,2001,133720816696865,RepStephenLynch,2,44,719,90
L000563,IL,3,Daniel_William_Lipinski,M,D,2005,103286879730089,RepLipinski,6,60,995,88
L000564,CO,5,Doug_Lamborn,M,R,2007,45059452286,RepDLamborn,4,60,1249,92
L000565,IA,2,David_Loebsack,M,D,2007,291731316748,DaveLoebsack,2,50,1389,93
L000566,OH,5,Robert_E._Latta,M,R,2007,100000004848334,BobLatta,8,95,1128,97
L000567,NJ,7,Leonard_Lance,M,R,2009,100830109970339,RepLanceNJ7,1,39,869,92
L000569,MO,3,Blaine_Luetkemeyer,M,R,2009,1358702716,RepBlainePress,2,86,875,96
L000570,NM,3,Ben_Ray_Luján,M,D,2009,112962521120,RepBenRayLujan,3,55,826,96
L000571,WY,0,Cynthia_M._Lummis,F,R,2009,152754318103332,CynthiaLummis,2,48,877,89
L000573,ID,1,Raúl_R._Labrador,M,R,2011,180970951936493,Raul_Labrador,0,18,297,85
L000576,MO,7,Billy_Long,M,R,2011,139631049438354,USRepLong,0,13,729,94
L000578,CA,1,Doug_LaMalfa,M,R,2013,none,RepLaMalfa,1,10,387,94
L000579,CA,47,Alan_S._Lowenthal,M,D,2013,392631677490897,RepLowenthal,0,10,725,95
L000580,NM,1,Michelle_Lujan Grisham,F,D,2013,191640657646128,RepLujanGrisham,0,19,308,90
L000581,MI,14,Brenda_Lawrence,F,D,2015,none,none,0,0,36,94
L000582,CA,33,Ted_Lieu,M,D,2015,none,RepTedLieu,0,1,62,92
L000583,GA,11,Barry_Loudermilk,M,R,2015,none,RepLoudermilk,0,1,35,90
L000584,UT,4,Mia_Love,F,R,2015,none,repmialove,0,0,23,94
M000087,NY,12,Carolyn_B._Maloney,F,D,1993,397176447066236,RepMaloney,8,195,1609,91
M000312,MA,2,James_P._McGovern,M,D,1997,148299805224565,RepMcGovern,27,92,2396,94
M000404,WA,7,Jim_A._McDermott,M,D,1989,246418928093,RepJimMcDermott,5,137,1464,93
M000689,FL,7,John_L._Mica,M,R,1993,JohnMica,None,2,36,473,94
M001137,NY,5,Gregory_W._Meeks,M,D,1997,1557025818,GregoryMeeks,0,32,1243,91
M001143,MN,4,Betty_Louise_McCollum,F,D,2001,153386471383393,BettyMcCollum04,2,34,1523,94
M001144,FL,1,Jeff_Miller,M,R,2001,66367876671,None,8,69,1044,91
M001150,MI,10,Candice_S._Miller,F,R,2003,210401648605,CandiceMiller,2,49,804,92
M001151,PA,18,Tim_Murphy,M,R,2003,105769762798552,RepTimMurphy,1,58,731,87
M001156,NC,10,Patrick_T._McHenry,M,R,2005,8045519803,PatrickMcHenry,2,16,615,93
M001157,TX,10,Michael_T._McCaul,M,R,2005,6355254859,McCaulPressShop,3,50,961,93
M001158,TX,24,Kenny_Ewell_Marchant,M,R,2005,6349487899,RepKenMarchant,0,22,1065,88
M001159,WA,5,Cathy_McMorris Rodgers,F,R,2005,321618789771,CathyMcMorris,4,67,855,92
M001160,WI,4,Gwen_Moore,F,D,2005,58864029545,RepGwenMoore,4,53,1566,91
M001163,CA,6,Doris_O._Matsui,F,D,2005,doris.matsui,DorisMatsui,14,86,1091,96
M001165,CA,23,Kevin_McCarthy,M,R,2007,51052893175,GOPLeader,1,33,290,94
M001166,CA,9,Jerry_McNerney,M,D,2007,215241308510238,RepMcNerney,2,65,865,92
M001177,CA,4,Tom_McClintock,M,R,2009,81125319109,RepMcClintock,2,27,827,90
M001179,PA,10,Tom_Marino,M,R,2011,144408762280226,RepTomMarino,1,38,535,93
M001180,WV,1,David_B._McKinley,M,R,2011,130377260362609,RepMcKinley,2,70,591,93
M001181,PA,7,Patrick_Meehan,M,R,2011,136000283132824,RepMeehan,2,35,436,92
M001182,SC,5,Mick_Mulvaney,M,R,2011,188649667827713,RepMickMulvaney,0,62,592,87
M001184,KY,4,Thomas_Massie,M,R,2012,452480994776070,RepThomasMassie,0,11,218,81
M001185,NY,18,Sean_Patrick_Maloney,M,D,2013,551199354892891,RepSeanMaloney,0,21,333,85
M001187,NC,11,Mark_Meadows,M,R,2013,409882952423501,RepMarkMeadows,1,21,374,93
M001188,NY,6,Grace_Meng,F,D,2013,195734010571362,RepGraceMeng,0,25,383,90
M001189,IN,6,Luke_Messer,M,R,2013,367444640018564,RepLukeMesser,1,15,257,95
M001190,OK,2,Markwayne_Mullin,M,R,2013,453637624684399,RepMullin,1,15,234,93
M001191,FL,18,Patrick_Murphy,M,D,2013,317735028342371,RepMurphyFL,0,28,436,82
M001193,NJ,3,Tom_MacArthur,M,R,2015,none,RepTomMacArthur,0,2,25,93
M001194,MI,4,John_Moolenaar,M,R,2015,none,RepMoolenaar,0,0,25,94
M001195,WV,2,Alex_Mooney,M,R,2015,none,RepAlexMooney,0,3,28,92
M001196,MA,6,Seth_Moulton,M,D,2015,none,none,0,0,11,97
M001197,AZ,2,Martha_McSally,F,R,2015,none,RepMcSally,0,2,26,91
N000002,NY,10,Jerrold_L._Nadler,M,D,1992,78291598977,RepJerryNadler,1,88,1249,93
N000015,MA,1,Richard_E._Neal,M,D,1989,325642654132598,RepRichardNeal,0,44,670,92
N000127,MN,8,Richard_M._Nolan,M,D,1975,388085277945339,USRepRickNolan,0,19,371,91
N000179,CA,32,Grace_F._Napolitano,F,D,1999,163108420409412,GraceNapolitano,1,20,1311,93
N000181,CA,22,Devin_G._Nunes,M,R,2003,None,Rep_DevinNunes,1,46,537,91
N000182,TX,19,Randy_Neugebauer,M,R,2003,64137294987,RandyNeugebauer,2,60,816,92
N000184,SD,0,Kristi_L._Noem,F,R,2011,None,RepKristiNoem,1,32,371,90
N000185,FL,11,Richard_B._Nugent,M,R,2011,183541871674897,RepRichNugent,11,49,565,92
N000188,NJ,1,Donald_W._Norcross,M,D,2014,none,none,0,0,27,94
N000189,WA,4,Dan_Newhouse,M,R,2015,none,RepNewhouse,0,1,36,94
O000168,TX,22,Pete_Olson,M,R,2009,20718168936,OlsonPressShop,0,53,1040,93
O000170,TX,16,Beto_O'Rourke,M,D,2013,460776160654909,RepBetoORourke,0,19,415,93
P000034,NJ,6,Frank_J._Pallone,M,D,1987,6517277731,FrankPallone,1,68,677,93
P000096,NJ,9,Bill_J._Pascrell,M,D,1997,303312929155,BillPascrell,1,94,1084,93
P000197,CA,12,Nancy_Pelosi,F,D,1987,86574174383,NancyPelosi,2,11,121,88
P000258,MN,7,Collin_Clark_Peterson,M,D,1991,6595227967,None,3,22,1024,81
P000373,PA,16,Joseph_R._Pitts,M,R,1997,94156528752,RepJoePitts,2,49,947,94
P000523,NC,4,David_E._Price,M,D,1987,None,RepDavidEPrice,6,49,1028,97
P000588,NM,2,Stevan_E._Pearce,M,R,2003,180280568662135,RepStevePearce,1,47,664,92
P000591,GA,6,Tom_Price,M,R,2005,172032960420,RepTomPrice,4,51,570,92
P000592,TX,2,Ted_Poe,M,R,2005,106631626049851,JudgeTedPoe,9,150,1153,89
P000593,CO,7,Ed_Perlmutter,M,D,2007,86174496459,RepPerlmutter,17,54,700,91
P000594,MN,3,Erik_Paulsen,M,R,2009,128558293848160,RepErikPaulsen,1,85,711,94
P000597,ME,1,Chellie_Pingree,F,D,2009,91529332807,ChelliePingree,21,60,1272,93
P000598,CO,2,Jared_Polis,M,D,2009,53481427529,JaredPolis,20,122,1361,89
P000599,FL,8,Bill_Posey,M,R,2009,100000080395369,CongBillPosey,1,76,1110,92
P000601,MS,4,Steven_M._Palazzo,M,R,2011,186908658003781,CongPalazzo,1,21,470,90
P000602,KS,4,Mike_Pompeo,M,R,2011,101965369880683,RepMikePompeo,2,29,469,90
P000604,NJ,10,Donald_M._Payne,M,D,2012,360976767343741,RepDonaldPayne,2,15,410,90
P000605,PA,4,Scott_Perry,M,R,2013,376801102416184,RepScottPerry,1,10,253,93
P000606,NC,9,Robert_Pittenger,M,R,2013,376142742468386,RepPittenger,1,8,326,93
P000607,WI,2,Mark_Pocan,M,D,2013,436881033058309,RepMarkPocan,0,20,654,95
P000608,CA,52,Scott_H._Peters,M,D,2013,449337038470352,RepScottPeters,0,41,498,84
P000609,AL,6,Gary_Palmer,M,R,2015,none,USRepGaryPalmer,0,0,20,90
P000611,ME,2,Bruce_Poliquin,M,R,2015,none,RepPoliquin,0,0,34,93
Q000023,IL,5,Mike_Quigley,M,D,2009,158963645688,RepMikeQuigley,3,50,979,93
R000053,NY,13,Charles_B._Rangel,M,D,1971,7390589055,CBRangel,7,107,2148,87
R000395,KY,5,Harold_Rogers,M,R,1981,6722039085,RepHalRogers,10,41,467,91
R000409,CA,48,Dana_T._Rohrabacher,M,R,1989,78476240421,None,0,51,669,84
R000435,FL,27,Ileana_Ros-Lehtinen,F,R,1989,286546974761109,RosLehtinen,13,151,933,84
R000486,CA,40,Lucille_Roybal-Allard,F,D,1993,139773069370563,RepRoybalAllard,0,48,1024,96
R000487,CA,39,Edward_R._Royce,M,R,1993,6460640558,RepEdRoyce,8,80,617,93
R000515,IL,1,Bobby_L._Rush,M,D,1993,230753786936538,RepBobbyRush,3,67,1363,73
R000570,WI,1,Paul_D._Ryan,M,R,1999,7123827676,RepPaulRyan,3,25,308,93
R000575,AL,3,Mike_Rogers,M,R,2003,171770326187035,RepMikeRogersAL,2,17,640,92
R000576,MD,2,C._A. Dutch_Ruppersberger,M,D,2003,184756771570504,Call_Me_Dutch,1,39,558,90
R000577,OH,13,Tim_J._Ryan,M,D,2003,121560497865,RepTimRyan,3,44,1255,91
R000578,WA,8,David_G._Reichert,M,R,2005,91504302598,DaveReichert,2,68,588,86
R000580,IL,6,Peter_J._Roskam,M,R,2007,118777661469195,PeterRoskam,1,44,675,92
R000582,TN,1,David_P._Roe,M,R,2009,130725126985966,DrPhilRoe,6,54,1151,93
R000583,FL,17,Thomas_J._Rooney,M,R,2009,117697790448,TomRooney,3,51,872,92
R000585,NY,23,Tom_W._Reed,M,R,2010,102449199835273,RepTomReed,2,95,494,89
R000586,OH,16,James_B._Renacci,M,R,2011,187639524595278,RepJimRenacci,0,29,367,94
R000587,WI,8,Reid_J._Ribble,M,R,2011,157169920997203,RepRibble,1,32,696,91
R000588,LA,2,Cedric_L._Richmond,M,D,2011,197737020257085,RepRichmond,0,27,422,79
R000589,VA,2,Edward_Scott_Rigell,M,R,2011,167851429918010,RepScottRigell,1,22,337,93
R000591,AL,2,Martha_Roby,F,R,2011,174519582574426,RepMarthaRoby,1,12,273,93
R000592,IN,4,Todd_Rokita,M,R,2011,183180288372896,ToddRokita,0,17,604,92
R000593,FL,15,Dennis_A._Ross,M,R,2011,469477579757018,RepDennisRoss,1,37,763,95
R000597,SC,7,Tom_Rice,M,R,2013,403403083083104,RepTomRice,0,8,178,92
R000598,PA,12,Keith_J._Rothfus,M,R,2013,133803223451004,KeithRothfus,0,10,269,95
R000599,CA,36,Raul_Ruiz,M,D,2013,245244468941114,CongressmanRuiz,0,26,352,81
R000601,TX,4,John_Ratcliffe,M,R,2015,none,RepRatcliffe,0,3,35,90
R000602,NY,4,Kathleen_Rice,F,D,2015,none,RepKathleenRice,0,1,48,85
R000603,NC,7,David_Rouzer,M,R,2015,none,RepDavidRouzer,0,2,47,96
R000604,OK,5,Steve_Russell,M,R,2015,none,USRepRussell,0,0,30,94
S000018,AZ,5,Matt_Salmon,M,R,1995,149561218527414,RepMattSalmon,1,39,375,89
S000030,CA,46,Loretta_B._Sanchez,F,D,1997,90966961167,LorettaSanchez,1,39,778,88
S000051,SC,1,Marshall_Sanford,M,R,1995,118387985037658,RepSanfordSC,0,5,69,84
S000185,VA,3,Robert_C._Scott,M,D,1993,123839200978190,RepBobbyScott,4,77,1011,95
S000244,WI,5,F._James_Sensenbrenner,M,R,1979,RepSensenbrenner,JimPressOffice,4,93,622,91
S000248,NY,15,José_E._Serrano,M,D,1989,273446508512,RepJoseSerrano,3,68,1033,95
S000250,TX,32,Pete_A._Sessions,M,R,1997,367963843082,PeteSessions,28,95,910,94
S000344,CA,30,Brad_J._Sherman,M,D,1997,63158229861,BradSherman,0,31,898,95
S000364,IL,15,John_M._Shimkus,M,R,1997,123916254317516,RepShimkus,0,20,692,91
S000480,NY,25,Louise_McIntosh_Slaughter,F,D,1987,82424647700,LouiseSlaughter,21,87,1294,89
S000510,WA,9,Adam_Smith,M,D,1997,288586617834523,RepAdamSmith,0,38,798,87
S000522,NJ,4,Christopher_H._Smith,M,R,1981,371621772908416,RepChrisSmith,8,130,803,85
S000583,TX,21,Lamar_S._Smith,M,R,1987,107736785195,LamarSmithTX21,5,73,771,93
S001145,IL,9,Janice_D._Schakowsky,F,D,1999,160143957118,JanSchakowsky,1,92,1982,94
S001148,ID,2,Michael_K._Simpson,M,R,1999,96007744606,CongMikeSimpson,6,44,617,89
S001150,CA,28,Adam_B._Schiff,M,D,2001,9086721830,RepAdamSchiff,4,58,1207,97
S001154,PA,9,Bill_Shuster,M,R,2001,54386677806,RepBillShuster,4,32,587,90
S001156,CA,38,Linda_T._Sánchez,F,D,2003,110685735673141,RepLindaSanchez,1,68,1057,86
S001157,GA,13,David_Scott,M,D,2003,113303673339,RepDavidScott,0,5,782,93
S001165,NJ,8,Albio_Sires,M,D,2006,81058818750,Rep_Albio_Sires,2,48,1265,91
S001168,MD,3,John_P._Sarbanes,M,D,2007,None,RepSarbanes,3,43,676,95
S001172,NE,3,Adrian_Smith,M,R,2007,None,RepAdrianSmith,1,27,439,96
S001175,CA,14,Jackie_Speier,F,D,2008,99332606976,RepSpeier,1,80,1124,85
S001176,LA,1,Steve_Joseph_Scalise,M,R,2008,50936151681,SteveScalise,3,38,614,94
S001179,IL,18,Aaron_Schock,M,R,2009,70882853544,AaronSchock,1,72,1090,88
S001180,OR,5,Kurt_Schrader,M,D,2009,94978896695,RepSchrader,3,53,587,87
S001183,AZ,6,David_Schweikert,M,R,2011,150338151681908,RepDavid,1,46,488,90
S001185,AL,7,Terri_A._Sewell,F,D,2011,117758198297225,RepTerriSewell,2,9,408,89
S001187,OH,15,Steve_Stivers,M,R,2011,116058275133542,RepSteveStivers,1,56,829,91
S001188,IN,3,Marlin_A._Stutzman,M,R,2010,109067049164902,RepStutzman,0,24,382,91
S001189,GA,8,Austin_Scott,M,R,2011,131177916946914,AustinScottGA08,0,17,494,93
S001191,AZ,9,Kyrsten_Sinema,F,D,2013,233846963416149,RepSinema,0,14,388,78
S001192,UT,2,Chris_Stewart,M,R,2013,242042855928904,RepChrisStewart,1,12,266,92
S001193,CA,15,Eric_Swalwell,M,D,2013,450130878375355,RepSwalwell,2,9,466,93
S001195,MO,8,Jason_T._Smith,M,R,2013,544741092252764,RepJasonSmith,0,5,189,96
S001196,NY,21,Elise_Stefanik,F,R,2015,none,RepStefanik,0,0,27,91
T000193,MS,2,Bennie_G._Thompson,M,D,1993,7259193379,BennieGThompson,4,57,787,93
T000238,TX,13,Mac_M._Thornberry,M,R,1995,7760165627,MacTXPress,1,38,488,95
T000460,CA,5,Mike_Michael_Thompson,M,D,1999,7109195747,RepThompson,0,62,933,95
T000462,OH,12,Patrick_J._Tiberi,M,R,2001,90452932937,TiberiPress,5,40,829,91
T000463,OH,10,Michael_R._Turner,M,R,2003,9275036647,RepMikeTurner,0,68,634,89
T000465,MA,3,Niki_S._Tsongas,F,D,2007,131079823624873,NikiInTheHouse,0,38,949,93
T000467,PA,5,Glenn_Thompson,M,R,2009,14463006747,CongressmanGT,3,40,803,91
T000468,NV,1,Dina_Titus,F,D,2009,120660834778561,RepDinaTitus,1,52,737,95
T000469,NY,20,Paul_Tonko,M,D,2009,30671144824,RepPaulTonko,2,53,1339,97
T000470,CO,3,Scott_R._Tipton,M,R,2011,191428784201721,RepTipton,2,32,423,93
T000472,CA,41,Mark_Takano,M,D,2013,262447300551014,RepMarkTakano,0,19,645,95
T000473,HI,1,Mark_Takai,M,D,2015,none,RepMarkTakai,0,3,43,98
T000474,CA,35,Norma_Torres,F,D,2015,none,NormaJTorres,0,0,29,96
T000475,MI,11,Dave_Trott,M,R,2015,none,repdavetrott,0,0,26,95
U000031,MI,6,Fred_Stephen_Upton,M,R,1987,212027388827797,RepFredUpton,3,24,516,92
V000081,NY,7,Nydia_M._Velázquez,F,D,1993,8037068318,NydiaVelazquez,2,41,484,90
V000108,IN,1,Peter_J._Visclosky,M,D,1985,118723661514709,RepVisclosky,0,11,308,93
V000128,MD,8,Chris_Van Hollen,M,D,2003,109304033877,ChrisVanHollen,1,61,1084,96
V000129,CA,21,David_G._Valadao,M,R,2013,105596689621089,RepDavidValadao,2,9,245,92
V000130,CA,51,Juan_Vargas,M,D,2013,176942192453747,RepJuanVargas,0,16,503,92
V000131,TX,33,Marc_A._Veasey,M,D,2013,394849110600016,RepVeasey,0,8,366,93
V000132,TX,34,Filemon_Vela,M,D,2013,510462622331477,RepFilemonVela,0,3,201,84
W000187,CA,43,Maxine_Waters,F,D,1991,117483585008,MaxineWaters,3,87,850,87
W000413,KY,1,Ed_Whitfield,M,R,1995,91115765425,RepEdWhitfield,2,51,564,89
W000791,OR,2,Greg_P._Walden,M,R,1999,313301365382225,RepGregWalden,1,27,530,90
W000795,SC,2,Joe_G._Wilson,M,R,2001,70150469414,RepJoeWilson,1,67,1224,94
W000796,GA,3,Lynn_A._Westmoreland,M,R,2005,71389451419,RepWestmoreland,0,9,1205,87
W000797,FL,23,Debbie_Wasserman Schultz,F,D,2005,88904724121,RepDWStweets,4,30,947,91
W000798,MI,7,Tim_Walberg,M,R,2007,187654104587692,RepWalberg,1,38,623,95
W000799,MN,1,Timothy_James_Walz,M,D,2007,None,RepTimWalz,0,48,964,92
W000800,VT,0,Peter_Welch,M,D,2007,72680720883,PeterWelch,3,94,1335,92
W000804,VA,1,Robert_J._Wittman,M,R,2007,38932542633,RobWittman,3,38,1113,93
W000806,FL,10,Daniel_Webster,M,R,2011,188572961157305,RepWebster,5,25,260,92
W000808,FL,24,Frederica_S._Wilson,F,D,2011,162327487151626,RepWilson,1,46,943,94
W000809,AR,3,Steve_Womack,M,R,2011,135898413136490,Rep_SteveWomack,1,22,425,95
W000810,GA,7,Rob_Woodall,M,R,2011,172573036140374,None,14,47,193,92
W000812,MO,2,Ann_Wagner,F,R,2013,215485388588143,RepAnnWagner,2,17,244,94
W000813,IN,2,Jackie_Walorski,F,R,2013,466876036704525,RepWalorski,1,9,241,94
W000814,TX,14,Randy_K._Weber,M,R,2013,128891177274584,TXRandy14,0,10,369,92
W000815,OH,2,Brad_R._Wenstrup,M,R,2013,124462944390458,RepBradWenstrup,0,5,198,94
W000816,TX,25,Roger_Williams,M,R,2013,322383274535068,RepRWilliams,1,9,182,93
W000819,NC,6,Bradley_Mark_Walker,M,R,2015,none,none,0,3,20,93
W000820,CA,45,Mimi_Walters,F,R,2015,none,RepMimiWalters,0,1,22,93
W000821,AR,4,Bruce_Westerman,M,R,2015,none,RepWesterman,0,3,61,96
W000822,NJ,12,Bonnie_Watson Coleman,F,D,2015,none,RepBWColeman,0,1,43,96
Y000033,AK,0,Don_E._Young,M,R,1973,7476269851,RepDonYoung,4,193,1066,77
Y000062,KY,3,John_A._Yarmuth,M,D,2007,214258646163,RepJohnYarmuth,1,40,767,94
Y000063,KS,3,Kevin_Yoder,M,R,2011,154026694650252,RepKevinYoder,0,15,465,95
Y000064,IN,9,Todd_C._Young,M,R,2011,186203844738421,RepToddYoung,4,30,423,94
Y000065,FL,3,Ted_S._Yoho,M,R,2013,563532937006022,RepTedYoho,1,20,361,90
Y000066,IA,3,David_Young,M,R,2015,none,RepDavidYoung,0,0,32,95
Z000017,NY,1,Lee_Zeldin,M,R,2015,none,RepLeeZeldin,0,2,21,97
Z000018,MT,0,Ryan_Zinke,M,R,2015,none,RepRyanZinke,0,4,80,92
