s178-114,s75-2015,None,None,None,None,None,NV,None,None,None,None,None,Y,None,None,None,None,None,None,None,None,None,None,None,None,None,None,None,None,None,Y,None,None,NV,None,None,N,Y,None,None,None,N,None,None,None,Y,None,None,None,None,None,None,None,None,None,None,None,None,None,None,Y,None,None,N,None,None,None,None,None,None,None,None,None,N,None,None,None,None,None,None,None,None,None,None,N,None,None,None,None,None,None,None,None,None,None,None,N,N,N,None,None,None,None,Y,None,None,Y,None,None,None,None,Y,None,Y,None,None,None,None,None,Y,None,None,None,None,None,Y,None,None,None,None,None,None,None,None,None,None,None,Y,Y,None,Y,None,None,None,None,None,None,None,None,None,None,None,N,None,None,None,None,None,None,Y,None,None,Y,None,None,None,None,None,None,None,None,None,None,None,None,None,None,None,None,N,None,None,None,None,Y,None,None,None,None,None,None,None,Y,None,None,None,None,None,None,None,None,None,None,Y,None,None,None,None,None,None,Y,None,None,None,N,None,None,None,Y,None,None,None,None,None,None,None,None,N,None,None,None,None,None,Y,None,None,Y,None,Y,None,None,None,None,None,None,None,None,None,None,N,None,None,None,None,Y,None,None,None,None,None,None,None,None,None,None,None,None,None,None,None,None,None,None,None,Y,None,None,None,None,None,None,None,None,None,None,Y,N,None,N,None,None,None,None,None,None,None,None,None,None,None,None,None,None,Y,None,None,None,None,None,None,None,Y,None,None,None,None,Y,Y,None,None,None,None,None,None,None,None,None,None,None,None,None,None,Y,None,None,None,None,None,None,None,None,None,None,None,None,None,Y,None,None,N,None,None,None,None,None,None,None,None,None,N,N,None,None,None,None,None,None,N,None,None,None,None,None,None,None,None,None,None,None,None,None,None,None,None,None,None,None,None,None,None,None,None,None,None,None,None,Y,None,Y,None,None,None,None,None,None,None,None,None,N,Y,None,None,N,None,None,None,N,None,N,None,None,Y,N,None,None,None,None,None,None,None,None,None,None,Y,None,None,None,None,None,None,None,None,None,None,N,N,None,N,None,None,None,None,None,Y,None,None,None,None,None,None,None,None,None,None,None,None,None,None,None,N,None,None,None,None,None,None,None,None,None,None,None,None,None,None,None,None,None,None,None,None,None,None,None,Y,None,None,None,None,None,None,None,None,None,None,N,None,None,None,None,None,None,Y,None,None,None,None,None,None,None,None,Y,None,None,None,None,N,N,None,Y,None,None,None,None,None,None,None,None,None,None,None,None,None,None,None,None,None,None,None,None,Y,None,None,None,None,None,None,None,None,None,None,Y,None,None,None,None,None,None,None,None,Y,None,None,N,None,N,None,None,None,None,Y,None,None,None,None,None,None,None,N,None,None,None,Y,None,None,None,None,None,None,None,None,None,None,None,None,None,None,None,None,None,None,None,None,N,None,None,Y,None,None,None,None,None,None,None,None,None,N,None,None,Y,Y,None,None,Y,None,None,None,None,Y,None,None,N,None,None,None,None,None,None,None,None,None,None,Y,None,None,N,None,None,Y,None,None,None,None,None,None,None,None,None,Y,None,None,N,None,None,None,None,None,None,None,N,None,None,N,None,None,None,None,None,None,None,None,None,None,None,N,None,None,None,None,None,None,None,None,None,None,None,None,None,None,None,None
s178-114,s74-2015,None,None,None,None,None,NV,None,None,None,None,None,Y,None,None,None,None,None,None,None,None,None,None,None,None,None,None,None,None,None,Y,None,None,N,None,None,NV,Y,None,None,None,N,None,None,None,Y,None,None,None,None,None,None,None,None,None,None,None,None,None,None,Y,None,None,N,None,None,None,None,None,None,None,None,None,N,None,None,None,None,None,None,None,None,None,None,N,None,None,None,None,None,None,None,None,None,None,None,N,N,N,None,None,None,None,Y,None,None,Y,None,None,None,None,Y,None,Y,None,None,None,None,None,Y,None,None,None,None,None,Y,None,None,None,None,None,None,None,None,None,None,None,Y,Y,None,Y,None,None,None,None,None,None,None,None,None,None,None,N,None,None,None,None,None,None,Y,None,None,Y,None,None,None,None,None,None,None,None,None,None,None,None,None,None,None,None,N,None,None,None,None,Y,None,None,None,None,None,None,None,Y,None,None,None,None,None,None,None,None,None,None,Y,None,None,None,None,None,None,Y,None,None,None,N,None,None,None,Y,None,None,None,None,None,None,None,None,N,None,None,None,None,None,Y,None,None,Y,None,Y,None,None,None,None,None,None,None,None,None,None,N,None,None,None,None,Y,None,None,None,None,None,None,None,None,None,None,None,None,None,None,None,None,None,None,None,Y,None,None,None,None,None,None,None,None,None,None,Y,N,None,N,None,None,None,None,None,None,None,None,None,None,None,None,None,None,Y,None,None,None,None,None,None,None,Y,None,None,None,None,Y,Y,None,None,None,None,None,None,None,None,None,None,None,None,None,None,Y,None,None,None,None,None,None,None,None,None,None,None,None,None,Y,None,None,N,None,None,None,None,None,None,None,None,None,N,N,None,None,None,None,None,None,N,None,None,None,None,None,None,None,None,None,None,None,None,None,None,None,None,None,None,None,None,None,None,None,None,None,None,None,None,Y,None,Y,None,None,None,None,None,None,None,None,None,N,Y,None,None,Y,None,None,None,N,None,N,None,None,Y,N,None,None,None,None,None,None,None,None,None,None,Y,None,None,None,None,None,None,None,None,None,None,N,N,None,N,None,None,None,None,None,Y,None,None,None,None,None,None,None,None,None,None,None,None,None,None,None,N,None,None,None,None,None,None,None,None,None,None,None,None,None,None,None,None,None,None,None,None,None,None,None,Y,None,None,None,None,None,None,None,None,None,None,N,None,None,None,None,None,None,Y,None,None,None,None,None,None,None,None,Y,None,None,None,None,N,N,None,Y,None,None,None,None,None,None,None,None,None,None,None,None,None,None,None,None,None,None,None,None,Y,None,None,None,None,None,None,None,None,None,None,Y,None,None,None,None,None,None,None,None,Y,None,None,N,None,N,None,None,None,None,Y,None,None,None,None,None,None,None,N,None,None,None,Y,None,None,None,None,None,None,None,None,None,None,None,None,None,None,None,None,None,None,None,None,N,None,None,Y,None,None,None,None,None,None,None,None,None,N,None,None,Y,Y,None,None,Y,None,None,None,None,Y,None,None,N,None,None,None,None,None,None,None,None,None,None,Y,None,None,N,None,None,Y,None,None,None,None,None,None,None,None,None,Y,None,None,N,None,None,None,None,None,None,None,N,None,None,N,None,None,None,None,None,None,None,None,None,None,None,N,None,None,None,None,None,None,None,None,None,None,None,None,None,None,None,None
s178-114,s73-2015,None,None,None,None,None,Y,None,None,None,None,None,Y,None,None,None,None,None,None,None,None,None,None,None,None,None,None,None,None,None,Y,None,None,N,None,None,N,Y,None,None,None,N,None,None,None,Y,None,None,None,None,None,None,None,None,None,None,None,None,None,None,Y,None,None,N,None,None,None,None,None,None,None,None,None,N,None,None,None,None,None,None,None,None,None,None,N,None,None,None,None,None,None,None,None,None,None,None,N,N,N,None,None,None,None,Y,None,None,Y,None,None,None,None,Y,None,Y,None,None,None,None,None,Y,None,None,None,None,None,Y,None,None,None,None,None,None,None,None,None,None,None,Y,Y,None,Y,None,None,None,None,None,None,None,None,None,None,None,N,None,None,None,None,None,None,Y,None,None,NV,None,None,None,None,None,None,None,None,None,None,None,None,None,None,None,None,N,None,None,None,None,Y,None,None,None,None,None,None,None,Y,None,None,None,None,None,None,None,None,None,None,Y,None,None,None,None,None,None,Y,None,None,None,N,None,None,None,Y,None,None,None,None,None,None,None,None,N,None,None,None,None,None,Y,None,None,NV,None,Y,None,None,None,None,None,None,None,None,None,None,N,None,None,None,None,Y,None,None,None,None,None,None,None,None,None,None,None,None,None,None,None,None,None,None,None,Y,None,None,None,None,None,None,None,None,None,None,Y,N,None,N,None,None,None,None,None,None,None,None,None,None,None,None,None,None,Y,None,None,None,None,None,None,None,Y,None,None,None,None,Y,Y,None,None,None,None,None,None,None,None,None,None,None,None,None,None,Y,None,None,None,None,None,None,None,None,None,None,None,None,None,Y,None,None,N,None,None,None,None,None,None,None,None,None,N,N,None,None,None,None,None,None,N,None,None,None,None,None,None,None,None,None,None,None,None,None,None,None,None,None,None,None,None,None,None,None,None,None,None,None,None,Y,None,Y,None,None,None,None,None,None,None,None,None,N,Y,None,None,N,None,None,None,N,None,N,None,None,Y,N,None,None,None,None,None,None,None,None,None,None,Y,None,None,None,None,None,None,None,None,None,None,N,N,None,N,None,None,None,None,None,Y,None,None,None,None,None,None,None,None,None,None,None,None,None,None,None,N,None,None,None,None,None,None,None,None,None,None,None,None,None,None,None,None,None,None,None,None,None,None,None,Y,None,None,None,None,None,None,None,None,None,None,N,None,None,None,None,None,None,Y,None,None,None,None,None,None,None,None,Y,None,None,None,None,N,N,None,Y,None,None,None,None,None,None,None,None,None,None,None,None,None,None,None,None,None,None,None,None,Y,None,None,None,None,None,None,None,None,None,None,Y,None,None,None,None,None,None,None,None,Y,None,None,N,None,N,None,None,None,None,Y,None,None,None,None,None,None,None,N,None,None,None,Y,None,None,None,None,None,None,None,None,None,None,None,None,None,None,None,None,None,None,None,None,N,None,None,Y,None,None,None,None,None,None,None,None,None,N,None,None,Y,Y,None,None,Y,None,None,None,None,Y,None,None,N,None,None,None,None,None,None,None,None,None,None,Y,None,None,N,None,None,Y,None,None,None,None,None,None,None,None,None,Y,None,None,N,None,None,None,None,None,None,None,N,None,None,N,None,None,None,None,None,None,None,None,None,None,None,N,None,None,None,None,None,None,None,None,None,None,None,None,None,None,None,None
s178-114,s72-2015,None,None,None,None,None,Y,None,None,None,None,None,Y,None,None,None,None,None,None,None,None,None,None,None,None,None,None,None,None,None,Y,None,None,N,None,None,N,Y,None,None,None,N,None,None,None,Y,None,None,None,None,None,None,None,None,None,None,None,None,None,None,Y,None,None,N,None,None,None,None,None,None,None,None,None,N,None,None,None,None,None,None,None,None,None,None,N,None,None,None,None,None,None,None,None,None,None,None,N,N,N,None,None,None,None,Y,None,None,Y,None,None,None,None,Y,None,Y,None,None,None,None,None,Y,None,None,None,None,None,Y,None,None,None,None,None,None,None,None,None,None,None,Y,Y,None,Y,None,None,None,None,None,None,None,None,None,None,None,N,None,None,None,None,None,None,Y,None,None,NV,None,None,None,None,None,None,None,None,None,None,None,None,None,None,None,None,N,None,None,None,None,Y,None,None,None,None,None,None,None,Y,None,None,None,None,None,None,None,None,None,None,Y,None,None,None,None,None,None,Y,None,None,None,N,None,None,None,Y,None,None,None,None,None,None,None,None,N,None,None,None,None,None,Y,None,None,NV,None,Y,None,None,None,None,None,None,None,None,None,None,N,None,None,None,None,Y,None,None,None,None,None,None,None,None,None,None,None,None,None,None,None,None,None,None,None,Y,None,None,None,None,None,None,None,None,None,None,Y,N,None,N,None,None,None,None,None,None,None,None,None,None,None,None,None,None,Y,None,None,None,None,None,None,None,Y,None,None,None,None,Y,Y,None,None,None,None,None,None,None,None,None,None,None,None,None,None,Y,None,None,None,None,None,None,None,None,None,None,None,None,None,Y,None,None,N,None,None,None,None,None,None,None,None,None,N,N,None,None,None,None,None,None,N,None,None,None,None,None,None,None,None,None,None,None,None,None,None,None,None,None,None,None,None,None,None,None,None,None,None,None,None,Y,None,Y,None,None,None,None,None,None,None,None,None,N,Y,None,None,N,None,None,None,N,None,N,None,None,Y,N,None,None,None,None,None,None,None,None,None,None,Y,None,None,None,None,None,None,None,None,None,None,N,N,None,N,None,None,None,None,None,Y,None,None,None,None,None,None,None,None,None,None,None,None,None,None,None,N,None,None,None,None,None,None,None,None,None,None,None,None,None,None,None,None,None,None,None,None,None,None,None,Y,None,None,None,None,None,None,None,None,None,None,N,None,None,None,None,None,None,Y,None,None,None,None,None,None,None,None,Y,None,None,None,None,N,N,None,Y,None,None,None,None,None,None,None,None,None,None,None,None,None,None,None,None,None,None,None,None,Y,None,None,None,None,None,None,None,None,None,None,Y,None,None,None,None,None,None,None,None,Y,None,None,N,None,N,None,None,None,None,Y,None,None,None,None,None,None,None,N,None,None,None,Y,None,None,None,None,None,None,None,None,None,None,None,None,None,None,None,None,None,None,None,None,N,None,None,Y,None,None,None,None,None,None,None,None,None,N,None,None,Y,Y,None,None,Y,None,None,None,None,Y,None,None,N,None,None,None,None,None,None,None,None,None,None,Y,None,None,N,None,None,Y,None,None,None,None,None,None,None,None,None,Y,None,None,N,None,None,None,None,None,None,None,N,None,None,N,None,None,None,None,None,None,None,None,None,None,None,N,None,None,None,None,None,None,None,None,None,None,None,None,None,None,None,None
s1-114,s68-2015,None,None,None,None,None,Y,None,None,None,None,None,Y,None,None,None,None,None,None,None,None,None,None,None,None,None,None,None,None,None,Y,None,None,N,None,None,N,Y,None,None,None,N,None,None,None,Y,None,None,None,None,None,None,None,None,None,None,None,None,None,None,Y,None,None,Y,None,None,None,None,None,None,None,None,None,N,None,None,None,None,None,None,None,None,None,None,N,None,None,None,None,None,None,None,None,None,None,None,N,N,Y,None,None,None,None,Y,None,None,Y,None,None,None,None,Y,None,Y,None,None,None,None,None,Y,None,None,None,None,None,Y,None,None,None,None,None,None,None,None,None,None,None,Y,Y,None,Y,None,None,None,None,None,None,None,None,None,None,None,N,None,None,None,None,None,None,Y,None,None,Y,None,None,None,None,None,None,None,None,None,None,None,None,None,None,None,None,N,None,None,None,None,NV,None,None,None,None,None,None,None,Y,None,None,None,None,None,None,None,None,None,None,Y,None,None,None,None,None,None,Y,None,None,None,N,None,None,None,Y,None,None,None,None,None,None,None,None,N,None,None,None,None,None,Y,None,None,Y,None,Y,None,None,None,None,None,None,None,None,None,None,N,None,None,None,None,Y,None,None,None,None,None,None,None,None,None,None,None,None,None,None,None,None,None,None,None,Y,None,None,None,None,None,None,None,None,None,None,Y,N,None,N,None,None,None,None,None,None,None,None,None,None,None,None,None,None,Y,None,None,None,None,None,None,None,Y,None,None,None,None,Y,Y,None,None,None,None,None,None,None,None,None,None,None,None,None,None,Y,None,None,None,None,None,None,None,None,None,None,None,None,None,Y,None,None,N,None,None,None,None,None,None,None,None,None,N,N,None,None,None,None,None,None,N,None,None,None,None,None,None,None,None,None,None,None,None,None,None,None,None,None,None,None,None,None,None,None,None,None,None,None,None,Y,None,Y,None,None,None,None,None,None,None,None,None,N,Y,None,None,Y,None,None,None,N,None,N,None,None,Y,N,None,None,None,None,None,None,None,None,None,None,Y,None,None,None,None,None,None,None,None,None,None,N,Y,None,N,None,None,None,None,None,Y,None,None,None,None,None,None,None,None,None,None,None,None,None,None,None,N,None,None,None,None,None,None,None,None,None,None,None,None,None,None,None,None,None,None,None,None,None,None,None,Y,None,None,None,None,None,None,None,None,None,None,N,None,None,None,None,None,None,Y,None,None,None,None,None,None,None,None,Y,None,None,None,None,N,N,None,Y,None,None,None,None,None,None,None,None,None,None,None,None,None,None,None,None,None,None,None,None,Y,None,None,None,None,None,None,None,None,None,None,Y,None,None,None,None,None,None,None,None,Y,None,None,N,None,N,None,None,None,None,Y,None,None,None,None,None,None,None,N,None,None,None,Y,None,None,None,None,None,None,None,None,None,None,None,None,None,None,None,None,None,None,None,None,N,None,None,Y,None,None,None,None,None,None,None,None,None,N,None,None,Y,Y,None,None,Y,None,None,None,None,Y,None,None,Y,None,None,None,None,None,None,None,None,None,None,Y,None,None,N,None,None,Y,None,None,None,None,None,None,None,None,None,Y,None,None,N,None,None,None,None,None,None,None,N,None,None,Y,None,None,None,None,None,None,None,None,None,None,None,N,None,None,None,None,None,None,None,None,None,None,None,None,None,None,None,None
sjres8-114,s67-2015,None,None,None,None,None,Y,None,None,None,None,None,Y,None,None,None,None,None,None,None,None,None,None,None,None,None,None,None,None,None,Y,None,None,N,None,None,N,Y,None,None,None,N,None,None,None,Y,None,None,None,None,None,None,None,None,None,None,None,None,None,None,Y,None,None,N,None,None,None,None,None,None,None,None,None,N,None,None,None,None,None,None,None,None,None,None,N,None,None,None,None,None,None,None,None,None,None,None,N,N,N,None,None,None,None,Y,None,None,Y,None,None,None,None,Y,None,Y,None,None,None,None,None,Y,None,None,None,None,None,Y,None,None,None,None,None,None,None,None,None,None,None,N,Y,None,Y,None,None,None,None,None,None,None,None,None,None,None,N,None,None,None,None,None,None,Y,None,None,Y,None,None,None,None,None,None,None,None,None,None,None,None,None,None,None,None,N,None,None,None,None,NV,None,None,None,None,None,None,None,Y,None,None,None,None,None,None,None,None,None,None,Y,None,None,None,None,None,None,Y,None,None,None,N,None,None,None,Y,None,None,None,None,None,None,None,None,N,None,None,None,None,None,Y,None,None,Y,None,Y,None,None,None,None,None,None,None,None,None,None,N,None,None,None,None,Y,None,None,None,None,None,None,None,None,None,None,None,None,None,None,None,None,None,None,None,Y,None,None,None,None,None,None,None,None,None,None,Y,N,None,N,None,None,None,None,None,None,None,None,None,None,None,None,None,None,Y,None,None,None,None,None,None,None,N,None,None,None,None,Y,Y,None,None,None,None,None,None,None,None,None,None,None,None,None,None,Y,None,None,None,None,None,None,None,None,None,None,None,None,None,Y,None,None,N,None,None,None,None,None,None,None,None,None,N,N,None,None,None,None,None,None,N,None,None,None,None,None,None,None,None,None,None,None,None,None,None,None,None,None,None,None,None,None,None,None,None,None,None,None,None,Y,None,Y,None,None,None,None,None,None,None,None,None,N,Y,None,None,Y,None,None,None,N,None,N,None,None,Y,N,None,None,None,None,None,None,None,None,None,None,N,None,None,None,None,None,None,None,None,None,None,N,N,None,N,None,None,None,None,None,N,None,None,None,None,None,None,None,None,None,None,None,None,None,None,None,N,None,None,None,None,None,None,None,None,None,None,None,None,None,None,None,None,None,None,None,None,None,None,None,Y,None,None,None,None,None,None,None,None,None,None,N,None,None,None,None,None,None,Y,None,None,None,None,None,None,None,None,Y,None,None,None,None,N,N,None,Y,None,None,None,None,None,None,None,None,None,None,None,None,None,None,None,None,None,None,None,None,Y,None,None,None,None,None,None,None,None,None,None,Y,None,None,None,None,None,None,None,None,Y,None,None,N,None,N,None,None,None,None,Y,None,None,None,None,None,None,None,N,None,None,None,Y,None,None,None,None,None,None,None,None,None,None,None,None,None,None,None,None,None,None,None,None,N,None,None,Y,None,None,None,None,None,None,None,None,None,N,None,None,Y,Y,None,None,Y,None,None,None,None,Y,None,None,N,None,None,None,None,None,None,None,None,None,None,Y,None,None,N,None,None,Y,None,None,None,None,None,None,None,None,None,Y,None,None,N,None,None,None,None,None,None,None,N,None,None,N,None,None,None,None,None,None,None,None,None,None,None,N,None,None,None,None,None,None,None,None,None,None,None,None,None,None,None,None
sjres8-114,s66-2015,None,None,None,None,None,Y,None,None,None,None,None,Y,None,None,None,None,None,None,None,None,None,None,None,None,None,None,None,None,None,NV,None,None,N,None,None,N,Y,None,None,None,N,None,None,None,Y,None,None,None,None,None,None,None,None,None,None,None,None,None,None,Y,None,None,N,None,None,None,None,None,None,None,None,None,N,None,None,None,None,None,None,None,None,None,None,N,None,None,None,None,None,None,None,None,None,None,None,N,N,N,None,None,None,None,Y,None,None,Y,None,None,None,None,Y,None,Y,None,None,None,None,None,Y,None,None,None,None,None,Y,None,None,None,None,None,None,None,None,None,None,None,N,Y,None,Y,None,None,None,None,None,None,None,None,None,None,None,N,None,None,None,None,None,None,Y,None,None,Y,None,None,None,None,None,None,None,None,None,None,None,None,None,None,None,None,N,None,None,None,None,N,None,None,None,None,None,None,None,Y,None,None,None,None,None,None,None,None,None,None,Y,None,None,None,None,None,None,Y,None,None,None,N,None,None,None,Y,None,None,None,None,None,None,None,None,N,None,None,None,None,None,Y,None,None,Y,None,Y,None,None,None,None,None,None,None,None,None,None,N,None,None,None,None,Y,None,None,None,None,None,None,None,None,None,None,None,None,None,None,None,None,None,None,None,Y,None,None,None,None,None,None,None,None,None,None,Y,N,None,N,None,None,None,None,None,None,None,None,None,None,None,None,None,None,Y,None,None,None,None,None,None,None,N,None,None,None,None,Y,Y,None,None,None,None,None,None,None,None,None,None,None,None,None,None,Y,None,None,None,None,None,None,None,None,None,None,None,None,None,Y,None,None,N,None,None,None,None,None,None,None,None,None,N,N,None,None,None,None,None,None,N,None,None,None,None,None,None,None,None,None,None,None,None,None,None,None,None,None,None,None,None,None,None,None,None,None,None,None,None,Y,None,Y,None,None,None,None,None,None,None,None,None,N,Y,None,None,Y,None,None,None,N,None,N,None,None,Y,N,None,None,None,None,None,None,None,None,None,None,Y,None,None,None,None,None,None,None,None,None,None,N,NV,None,N,None,None,None,None,None,N,None,None,None,None,None,None,None,None,None,None,None,None,None,None,None,N,None,None,None,None,None,None,None,None,None,None,None,None,None,None,None,None,None,None,None,None,None,None,None,Y,None,None,None,None,None,None,None,None,None,None,N,None,None,None,None,None,None,Y,None,None,None,None,None,None,None,None,Y,None,None,None,None,N,N,None,Y,None,None,None,None,None,None,None,None,None,None,None,None,None,None,None,None,None,None,None,None,Y,None,None,None,None,None,None,None,None,None,None,Y,None,None,None,None,None,None,None,None,Y,None,None,N,None,N,None,None,None,None,Y,None,None,None,None,None,None,None,N,None,None,None,Y,None,None,None,None,None,None,None,None,None,None,None,None,None,None,None,None,None,None,None,None,N,None,None,Y,None,None,None,None,None,None,None,None,None,N,None,None,Y,Y,None,None,Y,None,None,None,None,Y,None,None,N,None,None,None,None,None,None,None,None,None,None,Y,None,None,N,None,None,Y,None,None,None,None,None,None,None,None,None,Y,None,None,N,None,None,None,None,None,None,None,N,None,None,N,None,None,None,None,None,None,None,None,None,None,None,N,None,None,None,None,None,None,None,None,None,None,None,None,None,None,None,None
hr240-114,s64-2015,None,None,None,None,None,Y,None,None,None,None,None,Y,None,None,None,None,None,None,None,None,None,None,None,None,None,None,None,None,None,NV,None,None,N,None,None,NV,Y,None,None,None,N,None,None,None,Y,None,None,None,None,None,None,None,None,None,None,None,None,None,None,Y,None,None,N,None,None,None,None,None,None,None,None,None,N,None,None,None,None,None,None,None,None,None,None,N,None,None,None,None,None,None,None,None,None,None,None,N,N,N,None,None,None,None,Y,None,None,Y,None,None,None,None,Y,None,Y,None,None,None,None,None,Y,None,None,None,None,None,Y,None,None,None,None,None,None,None,None,None,None,None,N,Y,None,Y,None,None,None,None,None,None,None,None,None,None,None,N,None,None,None,None,None,None,Y,None,None,Y,None,None,None,None,None,None,None,None,None,None,None,None,None,None,None,None,N,None,None,None,None,N,None,None,None,None,None,None,None,Y,None,None,None,None,None,None,None,None,None,None,Y,None,None,None,None,None,None,Y,None,None,None,N,None,None,None,Y,None,None,None,None,None,None,None,None,N,None,None,None,None,None,Y,None,None,Y,None,Y,None,None,None,None,None,None,None,None,None,None,N,None,None,None,None,NV,None,None,None,None,None,None,None,None,None,None,None,None,None,None,None,None,None,None,None,Y,None,None,None,None,None,None,None,None,None,None,Y,N,None,N,None,None,None,None,None,None,None,None,None,None,None,None,None,None,Y,None,None,None,None,None,None,None,N,None,None,None,None,Y,Y,None,None,None,None,None,None,None,None,None,None,None,None,None,None,Y,None,None,None,None,None,None,None,None,None,None,None,None,None,NV,None,None,N,None,None,None,None,None,None,None,None,None,N,N,None,None,None,None,None,None,N,None,None,None,None,None,None,None,None,None,None,None,None,None,None,None,None,None,None,None,None,None,None,None,None,None,None,None,None,Y,None,Y,None,None,None,None,None,None,None,None,None,N,Y,None,None,Y,None,None,None,N,None,N,None,None,Y,N,None,None,None,None,None,None,None,None,None,None,Y,None,None,None,None,None,None,None,None,None,None,N,NV,None,N,None,None,None,None,None,N,None,None,None,None,None,None,None,None,None,None,None,None,None,None,None,NV,None,None,None,None,None,None,None,None,None,None,None,None,None,None,None,None,None,None,None,None,None,None,None,Y,None,None,None,None,None,None,None,None,None,None,N,None,None,None,None,None,None,NV,None,None,None,None,None,None,None,None,Y,None,None,None,None,N,N,None,Y,None,None,None,None,None,None,None,None,None,None,None,None,None,None,None,None,None,None,None,None,Y,None,None,None,None,None,None,None,None,None,None,Y,None,None,None,None,None,None,None,None,Y,None,None,N,None,N,None,None,None,None,NV,None,None,None,None,None,None,None,N,None,None,None,Y,None,None,None,None,None,None,None,None,None,None,None,None,None,None,None,None,None,None,None,None,N,None,None,Y,None,None,None,None,None,None,None,None,None,N,None,None,Y,Y,None,None,Y,None,None,None,None,Y,None,None,N,None,None,None,None,None,None,None,None,None,None,Y,None,None,N,None,None,NV,None,None,None,None,None,None,None,None,None,NV,None,None,N,None,None,None,None,None,None,None,N,None,None,N,None,None,None,None,None,None,None,None,None,None,None,N,None,None,None,None,None,None,None,None,None,None,None,None,None,None,None,None
hr240-114,s65-2015,None,None,None,None,None,Y,None,None,None,None,None,Y,None,None,None,None,None,None,None,None,None,None,None,None,None,None,None,None,None,NV,None,None,Y,None,None,NV,N,None,None,None,Y,None,None,None,N,None,None,None,None,None,None,None,None,None,None,None,None,None,None,N,None,None,Y,None,None,None,None,None,None,None,None,None,Y,None,None,None,None,None,None,None,None,None,None,Y,None,None,None,None,None,None,None,None,None,None,None,Y,Y,Y,None,None,None,None,N,None,None,Y,None,None,None,None,N,None,Y,None,None,None,None,None,Y,None,None,None,None,None,Y,None,None,None,None,None,None,None,None,None,None,None,Y,Y,None,N,None,None,None,None,None,None,None,None,None,None,None,NV,None,None,None,None,None,None,N,None,None,N,None,None,None,None,None,None,None,None,None,None,None,None,None,None,None,None,Y,None,None,None,None,Y,None,None,None,None,None,None,None,N,None,None,None,None,None,None,None,None,None,None,N,None,None,None,None,None,None,N,None,None,None,Y,None,None,None,Y,None,None,None,None,None,None,None,None,Y,None,None,None,None,None,N,None,None,Y,None,N,None,None,None,None,None,None,None,None,None,None,Y,None,None,None,None,NV,None,None,None,None,None,None,None,None,None,None,None,None,None,None,None,None,None,None,None,Y,None,None,None,None,None,None,None,None,None,None,Y,Y,None,Y,None,None,None,None,None,None,None,None,None,None,None,None,None,None,N,None,None,None,None,None,None,None,Y,None,None,None,None,N,N,None,None,None,None,None,None,None,None,None,None,None,None,None,None,Y,None,None,None,None,None,None,None,None,None,None,None,None,None,NV,None,None,Y,None,None,None,None,None,None,None,None,None,Y,Y,None,None,None,None,None,None,Y,None,None,None,None,None,None,None,None,None,None,None,None,None,None,None,None,None,None,None,None,None,None,None,None,None,None,None,None,N,None,N,None,None,None,None,None,None,None,None,None,Y,Y,None,None,Y,None,None,None,Y,None,Y,None,None,N,Y,None,None,None,None,None,None,None,None,None,None,Y,None,None,None,None,None,None,None,None,None,None,Y,NV,None,Y,None,None,None,None,None,Y,None,None,None,None,None,None,None,None,None,None,None,None,None,None,None,NV,None,None,None,None,None,None,None,None,None,None,None,None,None,None,None,None,None,None,None,None,None,None,None,N,None,None,None,None,None,None,None,None,None,None,Y,None,None,None,None,None,None,NV,None,None,None,None,None,None,None,None,N,None,None,None,None,Y,Y,None,N,None,None,None,None,None,None,None,None,None,None,None,None,None,None,None,None,None,None,None,None,N,None,None,None,None,None,None,None,None,None,None,N,None,None,None,None,None,None,None,None,Y,None,None,Y,None,Y,None,None,None,None,NV,None,None,None,None,None,None,None,Y,None,None,None,N,None,None,None,None,None,None,None,None,None,None,None,None,None,None,None,None,None,None,None,None,Y,None,None,N,None,None,None,None,None,None,None,None,None,Y,None,None,N,N,None,None,N,None,None,None,None,N,None,None,Y,None,None,None,None,None,None,None,None,None,None,N,None,None,Y,None,None,NV,None,None,None,None,None,None,None,None,None,NV,None,None,Y,None,None,None,None,None,None,None,Y,None,None,Y,None,None,None,None,None,None,None,None,None,None,None,Y,None,None,None,None,None,None,None,None,None,None,None,None,None,None,None,None
hr240-114,s61-2015,None,None,None,None,None,Y,None,None,None,None,None,Y,None,None,None,None,None,None,None,None,None,None,None,None,None,None,None,None,None,N,None,None,NV,None,None,Y,N,None,None,None,Y,None,None,None,N,None,None,None,None,None,None,None,None,None,None,None,None,None,None,Y,None,None,Y,None,None,None,None,None,None,None,None,None,Y,None,None,None,None,None,None,None,None,None,None,Y,None,None,None,None,None,None,None,None,None,None,None,Y,Y,Y,None,None,None,None,Y,None,None,Y,None,None,None,None,N,None,Y,None,None,None,None,None,N,None,None,None,None,None,Y,None,None,None,None,None,None,None,None,None,None,None,Y,Y,None,N,None,None,None,None,None,None,None,None,None,None,None,Y,None,None,None,None,None,None,N,None,None,N,None,None,None,None,None,None,None,None,None,None,None,None,None,None,None,None,Y,None,None,None,None,Y,None,None,None,None,None,None,None,N,None,None,None,None,None,None,None,None,None,None,Y,None,None,None,None,None,None,N,None,None,None,Y,None,None,None,Y,None,None,None,None,None,None,None,None,Y,None,None,None,None,None,N,None,None,Y,None,N,None,None,None,None,None,None,None,None,None,None,Y,None,None,None,None,Y,None,None,None,None,None,None,None,None,None,None,None,None,None,None,None,None,None,None,None,Y,None,None,None,None,None,None,None,None,None,None,Y,Y,None,Y,None,None,None,None,None,None,None,None,None,None,None,None,None,None,N,None,None,None,None,None,None,None,Y,None,None,None,None,N,N,None,None,None,None,None,None,None,None,None,None,None,None,None,None,Y,None,None,None,None,None,None,None,None,None,None,None,None,None,Y,None,None,Y,None,None,None,None,None,None,None,None,None,Y,Y,None,None,None,None,None,None,Y,None,None,None,None,None,None,None,None,None,None,None,None,None,None,None,None,None,None,None,None,None,None,None,None,None,None,None,None,N,None,N,None,None,None,None,None,None,None,None,None,Y,Y,None,None,Y,None,None,None,Y,None,Y,None,None,N,Y,None,None,None,None,None,None,None,None,None,None,Y,None,None,None,None,None,None,None,None,None,None,Y,Y,None,Y,None,None,None,None,None,Y,None,None,None,None,None,None,None,None,None,None,None,None,None,None,None,Y,None,None,None,None,None,None,None,None,None,None,None,None,None,None,None,None,None,None,None,None,None,None,None,N,None,None,None,None,None,None,None,None,None,None,Y,None,None,None,None,None,None,N,None,None,None,None,None,None,None,None,N,None,None,None,None,Y,Y,None,N,None,None,None,None,None,None,None,None,None,None,None,None,None,None,None,None,None,None,None,None,N,None,None,None,None,None,None,None,None,None,None,N,None,None,None,None,None,None,None,None,Y,None,None,Y,None,Y,None,None,None,None,N,None,None,None,None,None,None,None,Y,None,None,None,N,None,None,None,None,None,None,None,None,None,None,None,None,None,None,None,None,None,None,None,None,Y,None,None,N,None,None,None,None,None,None,None,None,None,Y,None,None,N,N,None,None,Y,None,None,None,None,N,None,None,Y,None,None,None,None,None,None,None,None,None,None,N,None,None,Y,None,None,N,None,None,None,None,None,None,None,None,None,N,None,None,Y,None,None,None,None,None,None,None,Y,None,None,Y,None,None,None,None,None,None,None,None,None,None,None,Y,None,None,None,None,None,None,None,None,None,None,None,None,None,None,None,None
hr240-114,s62-2015,None,None,None,None,None,Y,None,None,None,None,None,Y,None,None,None,None,None,None,None,None,None,None,None,None,None,None,None,None,None,N,None,None,NV,None,None,Y,N,None,None,None,Y,None,None,None,N,None,None,None,None,None,None,None,None,None,None,None,None,None,None,Y,None,None,Y,None,None,None,None,None,None,None,None,None,Y,None,None,None,None,None,None,None,None,None,None,Y,None,None,None,None,None,None,None,None,None,None,None,Y,Y,Y,None,None,None,None,Y,None,None,Y,None,None,None,None,N,None,Y,None,None,None,None,None,Y,None,None,None,None,None,Y,None,None,None,None,None,None,None,None,None,None,None,Y,Y,None,N,None,None,None,None,None,None,None,None,None,None,None,Y,None,None,None,None,None,None,N,None,None,N,None,None,None,None,None,None,None,None,None,None,None,None,None,None,None,None,Y,None,None,None,None,Y,None,None,None,None,None,None,None,N,None,None,None,None,None,None,None,None,None,None,Y,None,None,None,None,None,None,N,None,None,None,Y,None,None,None,Y,None,None,None,None,None,None,None,None,Y,None,None,None,None,None,N,None,None,Y,None,N,None,None,None,None,None,None,None,None,None,None,Y,None,None,None,None,Y,None,None,None,None,None,None,None,None,None,None,None,None,None,None,None,None,None,None,None,Y,None,None,None,None,None,None,None,None,None,None,Y,Y,None,Y,None,None,None,None,None,None,None,None,None,None,None,None,None,None,N,None,None,None,None,None,None,None,Y,None,None,None,None,N,N,None,None,None,None,None,None,None,None,None,None,None,None,None,None,Y,None,None,None,None,None,None,None,None,None,None,None,None,None,Y,None,None,Y,None,None,None,None,None,None,None,None,None,Y,Y,None,None,None,None,None,None,Y,None,None,None,None,None,None,None,None,None,None,None,None,None,None,None,None,None,None,None,None,None,None,None,None,None,None,None,None,N,None,N,None,None,None,None,None,None,None,None,None,Y,Y,None,None,Y,None,None,None,Y,None,Y,None,None,N,Y,None,None,None,None,None,None,None,None,None,None,Y,None,None,None,None,None,None,None,None,None,None,Y,Y,None,Y,None,None,None,None,None,Y,None,None,None,None,None,None,None,None,None,None,None,None,None,None,None,Y,None,None,None,None,None,None,None,None,None,None,None,None,None,None,None,None,None,None,None,None,None,None,None,N,None,None,None,None,None,None,None,None,None,None,Y,None,None,None,None,None,None,N,None,None,None,None,None,None,None,None,N,None,None,None,None,Y,Y,None,N,None,None,None,None,None,None,None,None,None,None,None,None,None,None,None,None,None,None,None,None,N,None,None,None,None,None,None,None,None,None,None,N,None,None,None,None,None,None,None,None,Y,None,None,Y,None,Y,None,None,None,None,N,None,None,None,None,None,None,None,Y,None,None,None,N,None,None,None,None,None,None,None,None,None,None,None,None,None,None,None,None,None,None,None,None,Y,None,None,N,None,None,None,None,None,None,None,None,None,Y,None,None,N,N,None,None,Y,None,None,None,None,Y,None,None,Y,None,None,None,None,None,None,None,None,None,None,N,None,None,Y,None,None,N,None,None,None,None,None,None,None,None,None,N,None,None,Y,None,None,None,None,None,None,None,Y,None,None,Y,None,None,None,None,None,None,None,None,None,None,None,Y,None,None,None,None,None,None,None,None,None,None,None,None,None,None,None,None
s534-114,s63-2015,None,None,None,None,None,Y,None,None,None,None,None,Y,None,None,None,None,None,None,None,None,None,None,None,None,None,None,None,None,None,Y,None,None,NV,None,None,N,Y,None,None,None,N,None,None,None,Y,None,None,None,None,None,None,None,None,None,None,None,None,None,None,Y,None,None,N,None,None,None,None,None,None,None,None,None,N,None,None,None,None,None,None,None,None,None,None,N,None,None,None,None,None,None,None,None,None,None,None,N,N,N,None,None,None,None,Y,None,None,Y,None,None,None,None,Y,None,Y,None,None,None,None,None,Y,None,None,None,None,None,Y,None,None,None,None,None,None,None,None,None,None,None,N,Y,None,Y,None,None,None,None,None,None,None,None,None,None,None,N,None,None,None,None,None,None,Y,None,None,Y,None,None,None,None,None,None,None,None,None,None,None,None,None,None,None,None,N,None,None,None,None,Y,None,None,None,None,None,None,None,Y,None,None,None,None,None,None,None,None,None,None,Y,None,None,None,None,None,None,Y,None,None,None,N,None,None,None,Y,None,None,None,None,None,None,None,None,N,None,None,None,None,None,Y,None,None,Y,None,Y,None,None,None,None,None,None,None,None,None,None,N,None,None,None,None,Y,None,None,None,None,None,None,None,None,None,None,None,None,None,None,None,None,None,None,None,Y,None,None,None,None,None,None,None,None,None,None,Y,N,None,N,None,None,None,None,None,None,None,None,None,None,None,None,None,None,Y,None,None,None,None,None,None,None,Y,None,None,None,None,Y,Y,None,None,None,None,None,None,None,None,None,None,None,None,None,None,Y,None,None,None,None,None,None,None,None,None,None,None,None,None,Y,None,None,N,None,None,None,None,None,None,None,None,None,N,N,None,None,None,None,None,None,N,None,None,None,None,None,None,None,None,None,None,None,None,None,None,None,None,None,None,None,None,None,None,None,None,None,None,None,None,Y,None,Y,None,None,None,None,None,None,None,None,None,N,Y,None,None,N,None,None,None,N,None,N,None,None,Y,N,None,None,None,None,None,None,None,None,None,None,Y,None,None,None,None,None,None,None,None,None,None,N,Y,None,N,None,None,None,None,None,Y,None,None,None,None,None,None,None,None,None,None,None,None,None,None,None,N,None,None,None,None,None,None,None,None,None,None,None,None,None,None,None,None,None,None,None,None,None,None,None,Y,None,None,None,None,None,None,None,None,None,None,N,None,None,None,None,None,None,Y,None,None,None,None,None,None,None,None,Y,None,None,None,None,N,N,None,Y,None,None,None,None,None,None,None,None,None,None,None,None,None,None,None,None,None,None,None,None,Y,None,None,None,None,None,None,None,None,None,None,Y,None,None,None,None,None,None,None,None,Y,None,None,N,None,N,None,None,None,None,Y,None,None,None,None,None,None,None,N,None,None,None,Y,None,None,None,None,None,None,None,None,None,None,None,None,None,None,None,None,None,None,None,None,N,None,None,Y,None,None,None,None,None,None,None,None,None,N,None,None,Y,Y,None,None,Y,None,None,None,None,Y,None,None,N,None,None,None,None,None,None,None,None,None,None,Y,None,None,N,None,None,Y,None,None,None,None,None,None,None,None,None,Y,None,None,N,None,None,None,None,None,None,None,N,None,None,N,None,None,None,None,None,None,None,None,None,None,None,N,None,None,None,None,None,None,None,None,None,None,None,None,None,None,None,None
hr240-114,s59-2015,None,None,None,None,None,Y,None,None,None,None,None,Y,None,None,None,None,None,None,None,None,None,None,None,None,None,None,None,None,None,N,None,None,NV,None,None,Y,N,None,None,None,Y,None,None,None,N,None,None,None,None,None,None,None,None,None,None,None,None,None,None,Y,None,None,Y,None,None,None,None,None,None,None,None,None,Y,None,None,None,None,None,None,None,None,None,None,Y,None,None,None,None,None,None,None,None,None,None,None,Y,Y,Y,None,None,None,None,Y,None,None,Y,None,None,None,None,N,None,Y,None,None,None,None,None,Y,None,None,None,None,None,Y,None,None,None,None,None,None,None,None,None,None,None,Y,Y,None,N,None,None,None,None,None,None,None,None,None,None,None,Y,None,None,None,None,None,None,N,None,None,N,None,None,None,None,None,None,None,None,None,None,None,None,None,None,None,None,Y,None,None,None,None,Y,None,None,None,None,None,None,None,N,None,None,None,None,None,None,None,None,None,None,Y,None,None,None,None,None,None,N,None,None,None,Y,None,None,None,Y,None,None,None,None,None,None,None,None,Y,None,None,None,None,None,N,None,None,Y,None,N,None,None,None,None,None,None,None,None,None,None,Y,None,None,None,None,Y,None,None,None,None,None,None,None,None,None,None,None,None,None,None,None,None,None,None,None,Y,None,None,None,None,None,None,None,None,None,None,Y,Y,None,Y,None,None,None,None,None,None,None,None,None,None,None,None,None,None,N,None,None,None,None,None,None,None,Y,None,None,None,None,N,N,None,None,None,None,None,None,None,None,None,None,None,None,None,None,Y,None,None,None,None,None,None,None,None,None,None,None,None,None,Y,None,None,Y,None,None,None,None,None,None,None,None,None,Y,Y,None,None,None,None,None,None,Y,None,None,None,None,None,None,None,None,None,None,None,None,None,None,None,None,None,None,None,None,None,None,None,None,None,None,None,None,N,None,N,None,None,None,None,None,None,None,None,None,Y,Y,None,None,Y,None,None,None,Y,None,Y,None,None,N,Y,None,None,None,None,None,None,None,None,None,None,Y,None,None,None,None,None,None,None,None,None,None,Y,Y,None,Y,None,None,None,None,None,Y,None,None,None,None,None,None,None,None,None,None,None,None,None,None,None,Y,None,None,None,None,None,None,None,None,None,None,None,None,None,None,None,None,None,None,None,None,None,None,None,N,None,None,None,None,None,None,None,None,None,None,Y,None,None,None,None,None,None,N,None,None,None,None,None,None,None,None,N,None,None,None,None,Y,Y,None,N,None,None,None,None,None,None,None,None,None,None,None,None,None,None,None,None,None,None,None,None,N,None,None,None,None,None,None,None,None,None,None,N,None,None,None,None,None,None,None,None,Y,None,None,Y,None,Y,None,None,None,None,N,None,None,None,None,None,None,None,Y,None,None,None,N,None,None,None,None,None,None,None,None,None,None,None,None,None,None,None,None,None,None,None,None,Y,None,None,N,None,None,None,None,None,None,None,None,None,Y,None,None,N,N,None,None,Y,None,None,None,None,Y,None,None,Y,None,None,None,None,None,None,None,None,None,None,N,None,None,Y,None,None,N,None,None,None,None,None,None,None,None,None,N,None,None,Y,None,None,None,None,None,None,None,Y,None,None,Y,None,None,None,None,None,None,None,None,None,None,None,Y,None,None,None,None,None,None,None,None,None,None,None,None,None,None,None,None
hr240-114,s60-2015,None,None,None,None,None,N,None,None,None,None,None,N,None,None,None,None,None,None,None,None,None,None,None,None,None,None,None,None,None,Y,None,None,NV,None,None,N,Y,None,None,None,N,None,None,None,Y,None,None,None,None,None,None,None,None,None,None,None,None,None,None,N,None,None,N,None,None,None,None,None,None,None,None,None,N,None,None,None,None,None,None,None,None,None,None,N,None,None,None,None,None,None,None,None,None,None,None,N,N,N,None,None,None,None,N,None,None,N,None,None,None,None,Y,None,N,None,None,None,None,None,Y,None,None,None,None,None,N,None,None,None,None,None,None,None,None,None,None,None,N,N,None,Y,None,None,None,None,None,None,None,None,None,None,None,N,None,None,None,None,None,None,Y,None,None,Y,None,None,None,None,None,None,None,None,None,None,None,None,None,None,None,None,N,None,None,None,None,N,None,None,None,None,None,None,None,Y,None,None,None,None,None,None,None,None,None,None,N,None,None,None,None,None,None,Y,None,None,None,N,None,None,None,N,None,None,None,None,None,None,None,None,N,None,None,None,None,None,Y,None,None,N,None,Y,None,None,None,None,None,None,None,None,None,None,N,None,None,None,None,N,None,None,None,None,None,None,None,None,None,None,None,None,None,None,None,None,None,None,None,Y,None,None,None,None,None,None,None,None,None,None,N,N,None,N,None,None,None,None,None,None,None,None,None,None,None,None,None,None,Y,None,None,None,None,None,None,None,N,None,None,None,None,Y,Y,None,None,None,None,None,None,None,None,None,None,None,None,None,None,N,None,None,None,None,None,None,None,None,None,None,None,None,None,N,None,None,N,None,None,None,None,None,None,None,None,None,N,N,None,None,None,None,None,None,N,None,None,None,None,None,None,None,None,None,None,None,None,None,None,None,None,None,None,None,None,None,None,None,None,None,None,None,None,Y,None,Y,None,None,None,None,None,None,None,None,None,N,N,None,None,N,None,None,None,N,None,N,None,None,Y,N,None,None,None,None,None,None,None,None,None,None,N,None,None,None,None,None,None,None,None,None,None,N,N,None,N,None,None,None,None,None,N,None,None,None,None,None,None,None,None,None,None,None,None,None,None,None,N,None,None,None,None,None,None,None,None,None,None,None,None,None,None,None,None,None,None,None,None,None,None,None,Y,None,None,None,None,None,None,None,None,None,None,N,None,None,None,None,None,None,Y,None,None,None,None,None,None,None,None,Y,None,None,None,None,N,N,None,Y,None,None,None,None,None,None,None,None,None,None,None,None,None,None,None,None,None,None,None,None,Y,None,None,None,None,None,None,None,None,None,None,Y,None,None,None,None,None,None,None,None,N,None,None,N,None,N,None,None,None,None,Y,None,None,None,None,None,None,None,N,None,None,None,Y,None,None,None,None,None,None,None,None,None,None,None,None,None,None,None,None,None,None,None,None,N,None,None,Y,None,None,None,None,None,None,None,None,None,N,None,None,Y,Y,None,None,Y,None,None,None,None,Y,None,None,N,None,None,None,None,None,None,None,None,None,None,N,None,None,N,None,None,Y,None,None,None,None,None,None,None,None,None,Y,None,None,N,None,None,None,None,None,None,None,N,None,None,N,None,None,None,None,None,None,None,None,None,None,None,N,None,None,None,None,None,None,None,None,None,None,None,None,None,None,None,None
hr240-114,s58-2015,None,None,None,None,None,Y,None,None,None,None,None,Y,None,None,None,None,None,None,None,None,None,None,None,None,None,None,None,None,None,Y,None,None,Y,None,None,Y,Y,None,None,None,Y,None,None,None,Y,None,None,None,None,None,None,None,None,None,None,None,None,None,None,Y,None,None,Y,None,None,None,None,None,None,None,None,None,Y,None,None,None,None,None,None,None,None,None,None,Y,None,None,None,None,None,None,None,None,None,None,None,Y,Y,Y,None,None,None,None,Y,None,None,Y,None,None,None,None,Y,None,Y,None,None,None,None,None,Y,None,None,None,None,None,Y,None,None,None,None,None,None,None,None,None,None,None,Y,Y,None,Y,None,None,None,None,None,None,None,None,None,None,None,Y,None,None,None,None,None,None,Y,None,None,Y,None,None,None,None,None,None,None,None,None,None,None,None,None,None,None,None,Y,None,None,None,None,Y,None,None,None,None,None,None,None,Y,None,None,None,None,None,None,None,None,None,None,Y,None,None,None,None,None,None,Y,None,None,None,Y,None,None,None,Y,None,None,None,None,None,None,None,None,Y,None,None,None,None,None,Y,None,None,Y,None,Y,None,None,None,None,None,None,None,None,None,None,Y,None,None,None,None,Y,None,None,None,None,None,None,None,None,None,None,None,None,None,None,None,None,None,None,None,Y,None,None,None,None,None,None,None,None,None,None,Y,Y,None,Y,None,None,None,None,None,None,None,None,None,None,None,None,None,None,Y,None,None,None,None,None,None,None,Y,None,None,None,None,N,Y,None,None,None,None,None,None,None,None,None,None,None,None,None,None,Y,None,None,None,None,None,None,None,None,None,None,None,None,None,Y,None,None,Y,None,None,None,None,None,None,None,None,None,Y,Y,None,None,None,None,None,None,Y,None,None,None,None,None,None,None,None,None,None,None,None,None,None,None,None,None,None,None,None,None,None,None,None,None,None,None,None,Y,None,Y,None,None,None,None,None,None,None,None,None,Y,Y,None,None,Y,None,None,None,Y,None,Y,None,None,Y,Y,None,None,None,None,None,None,None,None,None,None,Y,None,None,None,None,None,None,None,None,None,None,Y,Y,None,Y,None,None,None,None,None,Y,None,None,None,None,None,None,None,None,None,None,None,None,None,None,None,Y,None,None,None,None,None,None,None,None,None,None,None,None,None,None,None,None,None,None,None,None,None,None,None,Y,None,None,None,None,None,None,None,None,None,None,Y,None,None,None,None,None,None,Y,None,None,None,None,None,None,None,None,Y,None,None,None,None,Y,Y,None,Y,None,None,None,None,None,None,None,None,None,None,None,None,None,None,None,None,None,None,None,None,Y,None,None,None,None,None,None,None,None,None,None,Y,None,None,None,None,None,None,None,None,Y,None,None,Y,None,Y,None,None,None,None,Y,None,None,None,None,None,None,None,Y,None,None,None,N,None,None,None,None,None,None,None,None,None,None,None,None,None,None,None,None,None,None,None,None,Y,None,None,Y,None,None,None,None,None,None,None,None,None,Y,None,None,Y,Y,None,None,Y,None,None,None,None,Y,None,None,Y,None,None,None,None,None,None,None,None,None,None,Y,None,None,Y,None,None,Y,None,None,None,None,None,None,None,None,None,Y,None,None,Y,None,None,None,None,None,None,None,Y,None,None,Y,None,None,None,None,None,None,None,None,None,None,None,Y,None,None,None,None,None,None,None,None,None,None,None,None,None,None,None,None
hr240-114,s57-2015,None,None,None,None,None,Y,None,None,None,None,None,Y,None,None,None,None,None,None,None,None,None,None,None,None,None,None,None,None,None,Y,None,None,N,None,None,N,Y,None,None,None,N,None,None,None,Y,None,None,None,None,None,None,None,None,None,None,None,None,None,None,Y,None,None,N,None,None,None,None,None,None,None,None,None,N,None,None,None,None,None,None,None,None,None,None,N,None,None,None,None,None,None,None,None,None,None,None,N,N,N,None,None,None,None,Y,None,None,Y,None,None,None,None,Y,None,Y,None,None,None,None,None,Y,None,None,None,None,None,Y,None,None,None,None,None,None,None,None,None,None,None,N,Y,None,Y,None,None,None,None,None,None,None,None,None,None,None,N,None,None,None,None,None,None,Y,None,None,Y,None,None,None,None,None,None,None,None,None,None,None,None,None,None,None,None,N,None,None,None,None,N,None,None,None,None,None,None,None,Y,None,None,None,None,None,None,None,None,None,None,Y,None,None,None,None,None,None,Y,None,None,None,N,None,None,None,Y,None,None,None,None,None,None,None,None,N,None,None,None,None,None,Y,None,None,NV,None,Y,None,None,None,None,None,None,None,None,None,None,N,None,None,None,None,Y,None,None,None,None,None,None,None,None,None,None,None,None,None,None,None,None,None,None,None,Y,None,None,None,None,None,None,None,None,None,None,N,N,None,NV,None,None,None,None,None,None,None,None,None,None,None,None,None,None,Y,None,None,None,None,None,None,None,N,None,None,None,None,Y,Y,None,None,None,None,None,None,None,None,None,None,None,None,None,None,Y,None,None,None,None,None,None,None,None,None,None,None,None,None,NV,None,None,N,None,None,None,None,None,None,None,None,None,N,N,None,None,None,None,None,None,N,None,None,None,None,None,None,None,None,None,None,None,None,None,None,None,None,None,None,None,None,None,None,None,None,None,None,None,None,Y,None,Y,None,None,None,None,None,None,None,None,None,N,Y,None,None,N,None,None,None,N,None,N,None,None,Y,N,None,None,None,None,None,None,None,None,None,None,Y,None,None,None,None,None,None,None,None,None,None,N,N,None,N,None,None,None,None,None,N,None,None,None,None,None,None,None,None,None,None,None,None,None,None,None,N,None,None,None,None,None,None,None,None,None,None,None,None,None,None,None,None,None,None,None,None,None,None,None,Y,None,None,None,None,None,None,None,None,None,None,NV,None,None,None,None,None,None,Y,None,None,None,None,None,None,None,None,Y,None,None,None,None,N,N,None,Y,None,None,None,None,None,None,None,None,None,None,None,None,None,None,None,None,None,None,None,None,Y,None,None,None,None,None,None,None,None,None,None,NV,None,None,None,None,None,None,None,None,Y,None,None,N,None,N,None,None,None,None,Y,None,None,None,None,None,None,None,N,None,None,None,Y,None,None,None,None,None,None,None,None,None,None,None,None,None,None,None,None,None,None,None,None,N,None,None,Y,None,None,None,None,None,None,None,None,None,N,None,None,Y,NV,None,None,Y,None,None,None,None,Y,None,None,N,None,None,None,None,None,None,None,None,None,None,Y,None,None,N,None,None,NV,None,None,None,None,None,None,None,None,None,Y,None,None,N,None,None,None,None,None,None,None,N,None,None,N,None,None,None,None,None,None,None,None,None,None,None,N,None,None,None,None,None,None,None,None,None,None,None,None,None,None,None,None
s295-114,s55-2015,None,None,None,None,None,Y,None,None,None,None,None,Y,None,None,None,None,None,None,None,None,None,None,None,None,None,None,None,None,None,Y,None,None,Y,None,None,Y,Y,None,None,None,Y,None,None,None,Y,None,None,None,None,None,None,None,None,None,None,None,None,None,None,Y,None,None,Y,None,None,None,None,None,None,None,None,None,Y,None,None,None,None,None,None,None,None,None,None,Y,None,None,None,None,None,None,None,None,None,None,None,Y,Y,Y,None,None,None,None,Y,None,None,Y,None,None,None,None,Y,None,Y,None,None,None,None,None,Y,None,None,None,None,None,Y,None,None,None,None,None,None,None,None,None,None,None,Y,Y,None,Y,None,None,None,None,None,None,None,None,None,None,None,Y,None,None,None,None,None,None,Y,None,None,Y,None,None,None,None,None,None,None,None,None,None,None,None,None,None,None,None,Y,None,None,None,None,Y,None,None,None,None,None,None,None,Y,None,None,None,None,None,None,None,None,None,None,Y,None,None,None,None,None,None,Y,None,None,None,Y,None,None,None,Y,None,None,None,None,None,None,None,None,Y,None,None,None,None,None,Y,None,None,Y,None,Y,None,None,None,None,None,None,None,None,None,None,Y,None,None,None,None,Y,None,None,None,None,None,None,None,None,None,None,None,None,None,None,None,None,None,None,None,Y,None,None,None,None,None,None,None,None,None,None,Y,Y,None,Y,None,None,None,None,None,None,None,None,None,None,None,None,None,None,Y,None,None,None,None,None,None,None,Y,None,None,None,None,Y,Y,None,None,None,None,None,None,None,None,None,None,None,None,None,None,Y,None,None,None,None,None,None,None,None,None,None,None,None,None,Y,None,None,Y,None,None,None,None,None,None,None,None,None,Y,Y,None,None,None,None,None,None,Y,None,None,None,None,None,None,None,None,None,None,None,None,None,None,None,None,None,None,None,None,None,None,None,None,None,None,None,None,Y,None,Y,None,None,None,None,None,None,None,None,None,Y,Y,None,None,Y,None,None,None,Y,None,Y,None,None,NV,Y,None,None,None,None,None,None,None,None,None,None,Y,None,None,None,None,None,None,None,None,None,None,Y,Y,None,Y,None,None,None,None,None,Y,None,None,None,None,None,None,None,None,None,None,None,None,None,None,None,Y,None,None,None,None,None,None,None,None,None,None,None,None,None,None,None,None,None,None,None,None,None,None,None,Y,None,None,None,None,None,None,None,None,None,None,Y,None,None,None,None,None,None,Y,None,None,None,None,None,None,None,None,Y,None,None,None,None,Y,NV,None,Y,None,None,None,None,None,None,None,None,None,None,None,None,None,None,None,None,None,None,None,None,Y,None,None,None,None,None,None,None,None,None,None,Y,None,None,None,None,None,None,None,None,Y,None,None,Y,None,Y,None,None,None,None,Y,None,None,None,None,None,None,None,Y,None,None,None,Y,None,None,None,None,None,None,None,None,None,None,None,None,None,None,None,None,None,None,None,None,Y,None,None,Y,None,None,None,None,None,None,None,None,None,Y,None,None,Y,Y,None,None,Y,None,None,None,None,Y,None,None,Y,None,None,None,None,None,None,None,None,None,None,Y,None,None,Y,None,None,Y,None,None,None,None,None,None,None,None,None,Y,None,None,Y,None,None,None,None,None,None,None,Y,None,None,Y,None,None,None,None,None,None,None,None,None,None,None,Y,None,None,None,None,None,None,None,None,None,None,None,None,None,None,None,None
hr240-114,s53-2015,None,None,None,None,None,Y,None,None,None,None,None,Y,None,None,None,None,None,None,None,None,None,None,None,None,None,None,None,None,None,Y,None,None,NV,None,None,N,Y,None,None,None,N,None,None,None,Y,None,None,None,None,None,None,None,None,None,None,None,None,None,None,Y,None,None,N,None,None,None,None,None,None,None,None,None,N,None,None,None,None,None,None,None,None,None,None,N,None,None,None,None,None,None,None,None,None,None,None,N,N,N,None,None,None,None,Y,None,None,Y,None,None,None,None,Y,None,Y,None,None,None,None,None,Y,None,None,None,None,None,Y,None,None,None,None,None,None,None,None,None,None,None,N,Y,None,Y,None,None,None,None,None,None,None,None,None,None,None,N,None,None,None,None,None,None,Y,None,None,Y,None,None,None,None,None,None,None,None,None,None,None,None,None,None,None,None,N,None,None,None,None,N,None,None,None,None,None,None,None,Y,None,None,None,None,None,None,None,None,None,None,Y,None,None,None,None,None,None,Y,None,None,None,N,None,None,None,Y,None,None,None,None,None,None,None,None,N,None,None,None,None,None,Y,None,None,Y,None,Y,None,None,None,None,None,None,None,None,None,None,N,None,None,None,None,Y,None,None,None,None,None,None,None,None,None,None,None,None,None,None,None,None,None,None,None,Y,None,None,None,None,None,None,None,None,None,None,N,N,None,N,None,None,None,None,None,None,None,None,None,None,None,None,None,None,Y,None,None,None,None,None,None,None,N,None,None,None,None,Y,Y,None,None,None,None,None,None,None,None,None,None,None,None,None,None,Y,None,None,None,None,None,None,None,None,None,None,None,None,None,Y,None,None,N,None,None,None,None,None,None,None,None,None,N,N,None,None,None,None,None,None,N,None,None,None,None,None,None,None,None,None,None,None,None,None,None,None,None,None,None,None,None,None,None,None,None,None,None,None,None,Y,None,Y,None,None,None,None,None,None,None,None,None,N,Y,None,None,N,None,None,None,N,None,N,None,None,Y,N,None,None,None,None,None,None,None,None,None,None,Y,None,None,None,None,None,None,None,None,None,None,N,N,None,N,None,None,None,None,None,N,None,None,None,None,None,None,None,None,None,None,None,None,None,None,None,N,None,None,None,None,None,None,None,None,None,None,None,None,None,None,None,None,None,None,None,None,None,None,None,Y,None,None,None,None,None,None,None,None,None,None,N,None,None,None,None,None,None,Y,None,None,None,None,None,None,None,None,Y,None,None,None,None,N,N,None,Y,None,None,None,None,None,None,None,None,None,None,None,None,None,None,None,None,None,None,None,None,Y,None,None,None,None,None,None,None,None,None,None,Y,None,None,None,None,None,None,None,None,Y,None,None,N,None,N,None,None,None,None,Y,None,None,None,None,None,None,None,N,None,None,None,Y,None,None,None,None,None,None,None,None,None,None,None,None,None,None,None,None,None,None,None,None,N,None,None,Y,None,None,None,None,None,None,None,None,None,N,None,None,Y,Y,None,None,Y,None,None,None,None,Y,None,None,N,None,None,None,None,None,None,None,None,None,None,Y,None,None,N,None,None,Y,None,None,None,None,None,None,None,None,None,Y,None,None,N,None,None,None,None,None,None,None,N,None,None,N,None,None,None,None,None,None,None,None,None,None,None,N,None,None,None,None,None,None,None,None,None,None,None,None,None,None,None,None
hr240-114,s52-2015,None,None,None,None,None,Y,None,None,None,None,None,Y,None,None,None,None,None,None,None,None,None,None,None,None,None,None,None,None,None,Y,None,None,N,None,None,N,Y,None,None,None,N,None,None,None,Y,None,None,None,None,None,None,None,None,None,None,None,None,None,None,Y,None,None,N,None,None,None,None,None,None,None,None,None,N,None,None,None,None,None,None,None,None,None,None,N,None,None,None,None,None,None,None,None,None,None,None,N,N,N,None,None,None,None,Y,None,None,Y,None,None,None,None,Y,None,Y,None,None,None,None,None,Y,None,None,None,None,None,Y,None,None,None,None,None,None,None,None,None,None,None,N,Y,None,Y,None,None,None,None,None,None,None,None,None,None,None,N,None,None,None,None,None,None,Y,None,None,Y,None,None,None,None,None,None,None,None,None,None,None,None,None,None,None,None,N,None,None,None,None,N,None,None,None,None,None,None,None,Y,None,None,None,None,None,None,None,None,None,None,Y,None,None,None,None,None,None,Y,None,None,None,N,None,None,None,Y,None,None,None,None,None,None,None,None,N,None,None,None,None,None,Y,None,None,Y,None,Y,None,None,None,None,None,None,None,None,None,None,N,None,None,None,None,Y,None,None,None,None,None,None,None,None,None,None,None,None,None,None,None,None,None,None,None,Y,None,None,None,None,None,None,None,None,None,None,N,N,None,N,None,None,None,None,None,None,None,None,None,None,None,None,None,None,Y,None,None,None,None,None,None,None,N,None,None,None,None,Y,Y,None,None,None,None,None,None,None,None,None,None,None,None,None,None,Y,None,None,None,None,None,None,None,None,None,None,None,None,None,Y,None,None,N,None,None,None,None,None,None,None,None,None,N,N,None,None,None,None,None,None,N,None,None,None,None,None,None,None,None,None,None,None,None,None,None,None,None,None,None,None,None,None,None,None,None,None,None,None,None,Y,None,Y,None,None,None,None,None,None,None,None,None,N,Y,None,None,Y,None,None,None,N,None,N,None,None,Y,N,None,None,None,None,None,None,None,None,None,None,Y,None,None,None,None,None,None,None,None,None,None,N,N,None,N,None,None,None,None,None,N,None,None,None,None,None,None,None,None,None,None,None,None,None,None,None,N,None,None,None,None,None,None,None,None,None,None,None,None,None,None,None,None,None,None,None,None,None,None,None,Y,None,None,None,None,None,None,None,None,None,None,N,None,None,None,None,None,None,Y,None,None,None,None,None,None,None,None,Y,None,None,None,None,N,N,None,Y,None,None,None,None,None,None,None,None,None,None,None,None,None,None,None,None,None,None,None,None,Y,None,None,None,None,None,None,None,None,None,None,Y,None,None,None,None,None,None,None,None,Y,None,None,N,None,N,None,None,None,None,Y,None,None,None,None,None,None,None,N,None,None,None,Y,None,None,None,None,None,None,None,None,None,None,None,None,None,None,None,None,None,None,None,None,N,None,None,Y,None,None,None,None,None,None,None,None,None,N,None,None,Y,Y,None,None,Y,None,None,None,None,Y,None,None,N,None,None,None,None,None,None,None,None,None,None,Y,None,None,N,None,None,Y,None,None,None,None,None,None,None,None,None,Y,None,None,N,None,None,None,None,None,None,None,N,None,None,N,None,None,None,None,None,None,None,None,None,None,None,N,None,None,None,None,None,None,None,None,None,None,None,None,None,None,None,None
hr240-114,s51-2015,None,None,None,None,None,Y,None,None,None,None,None,Y,None,None,None,None,None,None,None,None,None,None,None,None,None,None,None,None,None,Y,None,None,N,None,None,N,Y,None,None,None,N,None,None,None,Y,None,None,None,None,None,None,None,None,None,None,None,None,None,None,Y,None,None,N,None,None,None,None,None,None,None,None,None,N,None,None,None,None,None,None,None,None,None,None,N,None,None,None,None,None,None,None,None,None,None,None,N,N,N,None,None,None,None,Y,None,None,Y,None,None,None,None,Y,None,Y,None,None,None,None,None,Y,None,None,None,None,None,Y,None,None,None,None,None,None,None,None,None,None,None,N,Y,None,Y,None,None,None,None,None,None,None,None,None,None,None,N,None,None,None,None,None,None,Y,None,None,Y,None,None,None,None,None,None,None,None,None,None,None,None,None,None,None,None,N,None,None,None,None,N,None,None,None,None,None,None,None,Y,None,None,None,None,None,None,None,None,None,None,Y,None,None,None,None,None,None,Y,None,None,None,N,None,None,None,Y,None,None,None,None,None,None,None,None,N,None,None,None,None,None,Y,None,None,Y,None,Y,None,None,None,None,None,None,None,None,None,None,N,None,None,None,None,Y,None,None,None,None,None,None,None,None,None,None,None,None,None,None,None,None,None,None,None,Y,None,None,None,None,None,None,None,None,None,None,N,N,None,N,None,None,None,None,None,None,None,None,None,None,None,None,None,None,Y,None,None,None,None,None,None,None,N,None,None,None,None,Y,Y,None,None,None,None,None,None,None,None,None,None,None,None,None,None,Y,None,None,None,None,None,None,None,None,None,None,None,None,None,NV,None,None,N,None,None,None,None,None,None,None,None,None,N,N,None,None,None,None,None,None,N,None,None,None,None,None,None,None,None,None,None,None,None,None,None,None,None,None,None,None,None,None,None,None,None,None,None,None,None,Y,None,Y,None,None,None,None,None,None,None,None,None,N,Y,None,None,N,None,None,None,N,None,N,None,None,Y,N,None,None,None,None,None,None,None,None,None,None,Y,None,None,None,None,None,None,None,None,None,None,N,N,None,N,None,None,None,None,None,N,None,None,None,None,None,None,None,None,None,None,None,None,None,None,None,N,None,None,None,None,None,None,None,None,None,None,None,None,None,None,None,None,None,None,None,None,None,None,None,Y,None,None,None,None,None,None,None,None,None,None,N,None,None,None,None,None,None,Y,None,None,None,None,None,None,None,None,Y,None,None,None,None,N,N,None,Y,None,None,None,None,None,None,None,None,None,None,None,None,None,None,None,None,None,None,None,None,Y,None,None,None,None,None,None,None,None,None,None,Y,None,None,None,None,None,None,None,None,Y,None,None,N,None,N,None,None,None,None,Y,None,None,None,None,None,None,None,N,None,None,None,Y,None,None,None,None,None,None,None,None,None,None,None,None,None,None,None,None,None,None,None,None,N,None,None,Y,None,None,None,None,None,None,None,None,None,N,None,None,Y,Y,None,None,Y,None,None,None,None,Y,None,None,N,None,None,None,None,None,None,None,None,None,None,Y,None,None,N,None,None,Y,None,None,None,None,None,None,None,None,None,Y,None,None,N,None,None,None,None,None,None,None,N,None,None,N,None,None,None,None,None,None,None,None,None,None,None,N,None,None,None,None,None,None,None,None,None,None,None,None,None,None,None,None
hr203-114,s50-2015,None,None,None,None,None,Y,None,None,None,None,None,Y,None,None,None,None,None,None,None,None,None,None,None,None,None,None,None,None,None,Y,None,None,Y,None,None,Y,Y,None,None,None,Y,None,None,None,Y,None,None,None,None,None,None,None,None,None,None,None,None,None,None,Y,None,None,Y,None,None,None,None,None,None,None,None,None,Y,None,None,None,None,None,None,None,None,None,None,Y,None,None,None,None,None,None,None,None,None,None,None,Y,Y,Y,None,None,None,None,Y,None,None,Y,None,None,None,None,Y,None,Y,None,None,None,None,None,Y,None,None,None,None,None,Y,None,None,None,None,None,None,None,None,None,None,None,Y,Y,None,Y,None,None,None,None,None,None,None,None,None,None,None,Y,None,None,None,None,None,None,Y,None,None,Y,None,None,None,None,None,None,None,None,None,None,None,None,None,None,None,None,Y,None,None,None,None,Y,None,None,None,None,None,None,None,Y,None,None,None,None,None,None,None,None,None,None,Y,None,None,None,None,None,None,Y,None,None,None,Y,None,None,None,Y,None,None,None,None,None,None,None,None,Y,None,None,None,None,None,Y,None,None,Y,None,Y,None,None,None,None,None,None,None,None,None,None,Y,None,None,None,None,Y,None,None,None,None,None,None,None,None,None,None,None,None,None,None,None,None,None,None,None,Y,None,None,None,None,None,None,None,None,None,None,Y,Y,None,Y,None,None,None,None,None,None,None,None,None,None,None,None,None,None,Y,None,None,None,None,None,None,None,Y,None,None,None,None,Y,Y,None,None,None,None,None,None,None,None,None,None,None,None,None,None,Y,None,None,None,None,None,None,None,None,None,None,None,None,None,NV,None,None,Y,None,None,None,None,None,None,None,None,None,Y,Y,None,None,None,None,None,None,Y,None,None,None,None,None,None,None,None,None,None,None,None,None,None,None,None,None,None,None,None,None,None,None,None,None,None,None,None,Y,None,Y,None,None,None,None,None,None,None,None,None,Y,Y,None,None,Y,None,None,None,Y,None,Y,None,None,Y,Y,None,None,None,None,None,None,None,None,None,None,Y,None,None,None,None,None,None,None,None,None,None,Y,Y,None,Y,None,None,None,None,None,Y,None,None,None,None,None,None,None,None,None,None,None,None,None,None,None,Y,None,None,None,None,None,None,None,None,None,None,None,None,None,None,None,None,None,None,None,None,None,None,None,Y,None,None,None,None,None,None,None,None,None,None,Y,None,None,None,None,None,None,Y,None,None,None,None,None,None,None,None,Y,None,None,None,None,Y,Y,None,Y,None,None,None,None,None,None,None,None,None,None,None,None,None,None,None,None,None,None,None,None,Y,None,None,None,None,None,None,None,None,None,None,Y,None,None,None,None,None,None,None,None,Y,None,None,Y,None,Y,None,None,None,None,Y,None,None,None,None,None,None,None,Y,None,None,None,Y,None,None,None,None,None,None,None,None,None,None,None,None,None,None,None,None,None,None,None,None,Y,None,None,Y,None,None,None,None,None,None,None,None,None,Y,None,None,Y,Y,None,None,Y,None,None,None,None,Y,None,None,Y,None,None,None,None,None,None,None,None,None,None,Y,None,None,Y,None,None,Y,None,None,None,None,None,None,None,None,None,Y,None,None,Y,None,None,None,None,None,None,None,Y,None,None,Y,None,None,None,None,None,None,None,None,None,None,None,Y,None,None,None,None,None,None,None,None,None,None,None,None,None,None,None,None
s1-114,s48-2015,None,None,None,None,None,N,None,None,None,None,None,N,None,None,None,None,None,None,None,None,None,None,None,None,None,None,None,None,None,N,None,None,Y,None,None,Y,N,None,None,None,Y,None,None,None,N,None,None,None,None,None,None,None,None,None,None,None,None,None,None,N,None,None,Y,None,None,None,None,None,None,None,None,None,Y,None,None,None,None,None,None,None,None,None,None,Y,None,None,None,None,None,None,None,None,None,None,None,Y,Y,Y,None,None,None,None,N,None,None,N,None,None,None,None,N,None,N,None,None,None,None,None,N,None,None,None,None,None,N,None,None,None,None,None,None,None,None,None,None,None,Y,N,None,N,None,None,None,None,None,None,None,None,None,None,None,Y,None,None,None,None,None,None,N,None,None,N,None,None,None,None,None,None,None,None,None,None,None,None,None,None,None,None,Y,None,None,None,None,Y,None,None,None,None,None,None,None,N,None,None,None,None,None,None,None,None,None,None,N,None,None,None,None,None,None,N,None,None,None,Y,None,None,None,N,None,None,None,None,None,None,None,None,Y,None,None,None,None,None,N,None,None,N,None,N,None,None,None,None,None,None,None,None,None,None,Y,None,None,None,None,N,None,None,None,None,None,None,None,None,None,None,None,None,None,None,None,None,None,None,None,N,None,None,None,None,None,None,None,None,None,None,N,Y,None,Y,None,None,None,None,None,None,None,None,None,None,None,None,None,None,N,None,None,None,None,None,None,None,Y,None,None,None,None,N,N,None,None,None,None,None,None,None,None,None,None,None,None,None,None,N,None,None,None,None,None,None,None,None,None,None,None,None,None,N,None,None,Y,None,None,None,None,None,None,None,None,None,Y,Y,None,None,None,None,None,None,Y,None,None,None,None,None,None,None,None,None,None,None,None,None,None,None,None,None,None,None,None,None,None,None,None,None,None,None,None,N,None,N,None,None,None,None,None,None,None,None,None,Y,N,None,None,N,None,None,None,Y,None,Y,None,None,N,Y,None,None,None,None,None,None,None,None,None,None,N,None,None,None,None,None,None,None,None,None,None,Y,N,None,Y,None,None,None,None,None,Y,None,None,None,None,None,None,None,None,None,None,None,None,None,None,None,Y,None,None,None,None,None,None,None,None,None,None,None,None,None,None,None,None,None,None,None,None,None,None,None,N,None,None,None,None,None,None,None,None,None,None,Y,None,None,None,None,None,None,N,None,None,None,None,None,None,None,None,N,None,None,None,None,Y,NV,None,N,None,None,None,None,None,None,None,None,None,None,None,None,None,None,None,None,None,None,None,None,N,None,None,None,None,None,None,None,None,None,None,NV,None,None,None,None,None,None,None,None,N,None,None,Y,None,Y,None,None,None,None,N,None,None,None,None,None,None,None,Y,None,None,None,N,None,None,None,None,None,None,None,None,None,None,None,None,None,None,None,None,None,None,None,None,Y,None,None,N,None,None,None,None,None,None,None,None,None,Y,None,None,N,N,None,None,N,None,None,None,None,N,None,None,Y,None,None,None,None,None,None,None,None,None,None,N,None,None,Y,None,None,N,None,None,None,None,None,None,None,None,None,N,None,None,Y,None,None,None,None,None,None,None,Y,None,None,Y,None,None,None,None,None,None,None,None,None,None,None,Y,None,None,None,None,None,None,None,None,None,None,None,None,None,None,None,None
s1-114,s49-2015,None,None,None,None,None,Y,None,None,None,None,None,Y,None,None,None,None,None,None,None,None,None,None,None,None,None,None,None,None,None,Y,None,None,N,None,None,N,Y,None,None,None,N,None,None,None,Y,None,None,None,None,None,None,None,None,None,None,None,None,None,None,Y,None,None,Y,None,None,None,None,None,None,None,None,None,N,None,None,None,None,None,None,None,None,None,None,N,None,None,None,None,None,None,None,None,None,None,None,N,N,Y,None,None,None,None,Y,None,None,Y,None,None,None,None,Y,None,Y,None,None,None,None,None,Y,None,None,None,None,None,Y,None,None,None,None,None,None,None,None,None,None,None,Y,Y,None,Y,None,None,None,None,None,None,None,None,None,None,None,N,None,None,None,None,None,None,Y,None,None,Y,None,None,None,None,None,None,None,None,None,None,None,None,None,None,None,None,N,None,None,None,None,Y,None,None,None,None,None,None,None,Y,None,None,None,None,None,None,None,None,None,None,Y,None,None,None,None,None,None,Y,None,None,None,N,None,None,None,Y,None,None,None,None,None,None,None,None,N,None,None,None,None,None,Y,None,None,Y,None,Y,None,None,None,None,None,None,None,None,None,None,N,None,None,None,None,Y,None,None,None,None,None,None,None,None,None,None,None,None,None,None,None,None,None,None,None,Y,None,None,None,None,None,None,None,None,None,None,Y,N,None,N,None,None,None,None,None,None,None,None,None,None,None,None,None,None,Y,None,None,None,None,None,None,None,Y,None,None,None,None,Y,Y,None,None,None,None,None,None,None,None,None,None,None,None,None,None,Y,None,None,None,None,None,None,None,None,None,None,None,None,None,Y,None,None,N,None,None,None,None,None,None,None,None,None,N,N,None,None,None,None,None,None,N,None,None,None,None,None,None,None,None,None,None,None,None,None,None,None,None,None,None,None,None,None,None,None,None,None,None,None,None,Y,None,Y,None,None,None,None,None,None,None,None,None,N,Y,None,None,Y,None,None,None,N,None,N,None,None,Y,N,None,None,None,None,None,None,None,None,None,None,Y,None,None,None,None,None,None,None,None,None,None,N,Y,None,N,None,None,None,None,None,Y,None,None,None,None,None,None,None,None,None,None,None,None,None,None,None,N,None,None,None,None,None,None,None,None,None,None,None,None,None,None,None,None,None,None,None,None,None,None,None,Y,None,None,None,None,None,None,None,None,None,None,N,None,None,None,None,None,None,Y,None,None,None,None,None,None,None,None,Y,None,None,None,None,N,NV,None,Y,None,None,None,None,None,None,None,None,None,None,None,None,None,None,None,None,None,None,None,None,Y,None,None,None,None,None,None,None,None,None,None,NV,None,None,None,None,None,None,None,None,Y,None,None,N,None,N,None,None,None,None,Y,None,None,None,None,None,None,None,N,None,None,None,Y,None,None,None,None,None,None,None,None,None,None,None,None,None,None,None,None,None,None,None,None,N,None,None,Y,None,None,None,None,None,None,None,None,None,N,None,None,Y,Y,None,None,Y,None,None,None,None,Y,None,None,Y,None,None,None,None,None,None,None,None,None,None,Y,None,None,N,None,None,Y,None,None,None,None,None,None,None,None,None,Y,None,None,N,None,None,None,None,None,None,None,N,None,None,Y,None,None,None,None,None,None,None,None,None,None,None,N,None,None,None,None,None,None,None,None,None,None,None,None,None,None,None,None
s1-114,s47-2015,None,None,None,None,None,N,None,None,None,None,None,N,None,None,None,None,None,None,None,None,None,None,None,None,None,None,None,None,None,N,None,None,Y,None,None,Y,N,None,None,None,Y,None,None,None,N,None,None,None,None,None,None,None,None,None,None,None,None,None,None,N,None,None,N,None,None,None,None,None,None,None,None,None,Y,None,None,None,None,None,None,None,None,None,None,Y,None,None,None,None,None,None,None,None,None,None,None,Y,Y,Y,None,None,None,None,N,None,None,N,None,None,None,None,N,None,N,None,None,None,None,None,N,None,None,None,None,None,N,None,None,None,None,None,None,None,None,None,None,None,Y,N,None,N,None,None,None,None,None,None,None,None,None,None,None,Y,None,None,None,None,None,None,N,None,None,N,None,None,None,None,None,None,None,None,None,None,None,None,None,None,None,None,Y,None,None,None,None,N,None,None,None,None,None,None,None,N,None,None,None,None,None,None,None,None,None,None,N,None,None,None,None,None,None,N,None,None,None,Y,None,None,None,N,None,None,None,None,None,None,None,None,Y,None,None,None,None,None,N,None,None,N,None,N,None,None,None,None,None,None,None,None,None,None,Y,None,None,None,None,N,None,None,None,None,None,None,None,None,None,None,None,None,None,None,None,None,None,None,None,N,None,None,None,None,None,None,None,None,None,None,N,Y,None,Y,None,None,None,None,None,None,None,None,None,None,None,None,None,None,N,None,None,None,None,None,None,None,N,None,None,None,None,N,N,None,None,None,None,None,None,None,None,None,None,None,None,None,None,N,None,None,None,None,None,None,None,None,None,None,None,None,None,N,None,None,N,None,None,None,None,None,None,None,None,None,Y,N,None,None,None,None,None,None,Y,None,None,None,None,None,None,None,None,None,None,None,None,None,None,None,None,None,None,None,None,None,None,None,None,None,None,None,None,N,None,N,None,None,None,None,None,None,None,None,None,Y,N,None,None,N,None,None,None,Y,None,Y,None,None,N,Y,None,None,None,None,None,None,None,None,None,None,N,None,None,None,None,None,None,None,None,None,None,Y,N,None,Y,None,None,None,None,None,N,None,None,None,None,None,None,None,None,None,None,None,None,None,None,None,Y,None,None,None,None,None,None,None,None,None,None,None,None,None,None,None,None,None,None,None,None,None,None,None,N,None,None,None,None,None,None,None,None,None,None,Y,None,None,None,None,None,None,N,None,None,None,None,None,None,None,None,N,None,None,None,None,Y,NV,None,N,None,None,None,None,None,None,None,None,None,None,None,None,None,None,None,None,None,None,None,None,N,None,None,None,None,None,None,None,None,None,None,NV,None,None,None,None,None,None,None,None,N,None,None,Y,None,Y,None,None,None,None,N,None,None,None,None,None,None,None,Y,None,None,None,N,None,None,None,None,None,None,None,None,None,None,None,None,None,None,None,None,None,None,None,None,Y,None,None,N,None,None,None,None,None,None,None,None,None,Y,None,None,N,N,None,None,N,None,None,None,None,N,None,None,N,None,None,None,None,None,None,None,None,None,None,N,None,None,Y,None,None,N,None,None,None,None,None,None,None,None,None,N,None,None,Y,None,None,None,None,None,None,None,Y,None,None,N,None,None,None,None,None,None,None,None,None,None,None,Y,None,None,None,None,None,None,None,None,None,None,None,None,None,None,None,None
s1-114,s46-2015,None,None,None,None,None,N,None,None,None,None,None,N,None,None,None,None,None,None,None,None,None,None,None,None,None,None,None,None,None,N,None,None,Y,None,None,Y,N,None,None,None,Y,None,None,None,N,None,None,None,None,None,None,None,None,None,None,None,None,None,None,N,None,None,N,None,None,None,None,None,None,None,None,None,Y,None,None,None,None,None,None,None,None,None,None,Y,None,None,None,None,None,None,None,None,None,None,None,Y,Y,Y,None,None,None,None,N,None,None,N,None,None,None,None,N,None,N,None,None,None,None,None,N,None,None,None,None,None,N,None,None,None,None,None,None,None,None,None,None,None,Y,N,None,N,None,None,None,None,None,None,None,None,None,None,None,Y,None,None,None,None,None,None,N,None,None,N,None,None,None,None,None,None,None,None,None,None,None,None,None,None,None,None,Y,None,None,None,None,N,None,None,None,None,None,None,None,N,None,None,None,None,None,None,None,None,None,None,N,None,None,None,None,None,None,N,None,None,None,Y,None,None,None,N,None,None,None,None,None,None,None,None,Y,None,None,None,None,None,N,None,None,N,None,N,None,None,None,None,None,None,None,None,None,None,Y,None,None,None,None,N,None,None,None,None,None,None,None,None,None,None,None,None,None,None,None,None,None,None,None,N,None,None,None,None,None,None,None,None,None,None,N,Y,None,Y,None,None,None,None,None,None,None,None,None,None,None,None,None,None,N,None,None,None,None,None,None,None,Y,None,None,None,None,N,N,None,None,None,None,None,None,None,None,None,None,None,None,None,None,N,None,None,None,None,None,None,None,None,None,None,None,None,None,N,None,None,Y,None,None,None,None,None,None,None,None,None,Y,Y,None,None,None,None,None,None,Y,None,None,None,None,None,None,None,None,None,None,None,None,None,None,None,None,None,None,None,None,None,None,None,None,None,None,None,None,N,None,NV,None,None,None,None,None,None,None,None,None,Y,N,None,None,N,None,None,None,Y,None,Y,None,None,N,Y,None,None,None,None,None,None,None,None,None,None,N,None,None,None,None,None,None,None,None,None,None,Y,N,None,Y,None,None,None,None,None,Y,None,None,None,None,None,None,None,None,None,None,None,None,None,None,None,Y,None,None,None,None,None,None,None,None,None,None,None,None,None,None,None,None,None,None,None,None,None,None,None,N,None,None,None,None,None,None,None,None,None,None,Y,None,None,None,None,None,None,N,None,None,None,None,None,None,None,None,N,None,None,None,None,Y,NV,None,N,None,None,None,None,None,None,None,None,None,None,None,None,None,None,None,None,None,None,None,None,N,None,None,None,None,None,None,None,None,None,None,NV,None,None,None,None,None,None,None,None,N,None,None,Y,None,Y,None,None,None,None,N,None,None,None,None,None,None,None,Y,None,None,None,N,None,None,None,None,None,None,None,None,None,None,None,None,None,None,None,None,None,None,None,None,Y,None,None,N,None,None,None,None,None,None,None,None,None,Y,None,None,N,N,None,None,N,None,None,None,None,N,None,None,Y,None,None,None,None,None,None,None,None,None,None,N,None,None,Y,None,None,N,None,None,None,None,None,None,None,None,None,N,None,None,Y,None,None,None,None,None,None,None,Y,None,None,N,None,None,None,None,None,None,None,None,None,None,None,Y,None,None,None,None,None,None,None,None,None,None,None,None,None,None,None,None
s1-114,s44-2015,None,None,None,None,None,N,None,None,None,None,None,Y,None,None,None,None,None,None,None,None,None,None,None,None,None,None,None,None,None,N,None,None,Y,None,None,Y,N,None,None,None,Y,None,None,None,N,None,None,None,None,None,None,None,None,None,None,None,None,None,None,N,None,None,Y,None,None,None,None,None,None,None,None,None,Y,None,None,None,None,None,None,None,None,None,None,Y,None,None,None,None,None,None,None,None,None,None,None,Y,Y,Y,None,None,None,None,N,None,None,N,None,None,None,None,N,None,Y,None,None,None,None,None,N,None,None,None,None,None,N,None,None,None,None,None,None,None,None,None,None,None,Y,N,None,N,None,None,None,None,None,None,None,None,None,None,None,Y,None,None,None,None,None,None,N,None,None,N,None,None,None,None,None,None,None,None,None,None,None,None,None,None,None,None,Y,None,None,None,None,N,None,None,None,None,None,None,None,N,None,None,None,None,None,None,None,None,None,None,N,None,None,None,None,None,None,N,None,None,None,Y,None,None,None,N,None,None,None,None,None,None,None,None,Y,None,None,None,None,None,N,None,None,N,None,N,None,None,None,None,None,None,None,None,None,None,Y,None,None,None,None,N,None,None,None,None,None,None,None,None,None,None,None,None,None,None,None,None,None,None,None,N,None,None,None,None,None,None,None,None,None,None,Y,Y,None,Y,None,None,None,None,None,None,None,None,None,None,None,None,None,None,N,None,None,None,None,None,None,None,N,None,None,None,None,N,N,None,None,None,None,None,None,None,None,None,None,None,None,None,None,N,None,None,None,None,None,None,None,None,None,None,None,None,None,Y,None,None,Y,None,None,None,None,None,None,None,None,None,Y,Y,None,None,None,None,None,None,Y,None,None,None,None,None,None,None,None,None,None,None,None,None,None,None,None,None,None,None,None,None,None,None,None,None,None,None,None,N,None,N,None,None,None,None,None,None,None,None,None,Y,N,None,None,N,None,None,None,Y,None,Y,None,None,N,Y,None,None,None,None,None,None,None,None,None,None,N,None,None,None,None,None,None,None,None,None,None,Y,Y,None,Y,None,None,None,None,None,N,None,None,None,None,None,None,None,None,None,None,None,None,None,None,None,N,None,None,None,None,None,None,None,None,None,None,None,None,None,None,None,None,None,None,None,None,None,None,None,N,None,None,None,None,None,None,None,None,None,None,Y,None,None,None,None,None,None,N,None,None,None,None,None,None,None,None,N,None,None,None,None,Y,NV,None,N,None,None,None,None,None,None,None,None,None,None,None,None,None,None,None,None,None,None,None,None,N,None,None,None,None,None,None,None,None,None,None,NV,None,None,None,None,None,None,None,None,N,None,None,Y,None,Y,None,None,None,None,N,None,None,None,None,None,None,None,Y,None,None,None,N,None,None,None,None,None,None,None,None,None,None,None,None,None,None,None,None,None,None,None,None,Y,None,None,N,None,None,None,None,None,None,None,None,None,Y,None,None,N,N,None,None,N,None,None,None,None,N,None,None,Y,None,None,None,None,None,None,None,None,None,None,N,None,None,Y,None,None,N,None,None,None,None,None,None,None,None,None,N,None,None,Y,None,None,None,None,None,None,None,Y,None,None,Y,None,None,None,None,None,None,None,None,None,None,None,Y,None,None,None,None,None,None,None,None,None,None,None,None,None,None,None,None
s1-114,s45-2015,None,None,None,None,None,Y,None,None,None,None,None,Y,None,None,None,None,None,None,None,None,None,None,None,None,None,None,None,None,None,Y,None,None,N,None,None,N,Y,None,None,None,N,None,None,None,Y,None,None,None,None,None,None,None,None,None,None,None,None,None,None,Y,None,None,Y,None,None,None,None,None,None,None,None,None,N,None,None,None,None,None,None,None,None,None,None,N,None,None,None,None,None,None,None,None,None,None,None,N,N,Y,None,None,None,None,Y,None,None,Y,None,None,None,None,Y,None,Y,None,None,None,None,None,Y,None,None,None,None,None,Y,None,None,None,None,None,None,None,None,None,None,None,Y,Y,None,Y,None,None,None,None,None,None,None,None,None,None,None,N,None,None,None,None,None,None,Y,None,None,Y,None,None,None,None,None,None,None,None,None,None,None,None,None,None,None,None,N,None,None,None,None,Y,None,None,None,None,None,None,None,Y,None,None,None,None,None,None,None,None,None,None,Y,None,None,None,None,None,None,Y,None,None,None,N,None,None,None,Y,None,None,None,None,None,None,None,None,N,None,None,None,None,None,Y,None,None,Y,None,Y,None,None,None,None,None,None,None,None,None,None,N,None,None,None,None,Y,None,None,None,None,None,None,None,None,None,None,None,None,None,None,None,None,None,None,None,Y,None,None,None,None,None,None,None,None,None,None,Y,NV,None,N,None,None,None,None,None,None,None,None,None,None,None,None,None,None,Y,None,None,None,None,None,None,None,Y,None,None,None,None,Y,Y,None,None,None,None,None,None,None,None,None,None,None,None,None,None,Y,None,None,None,None,None,None,None,None,None,None,None,None,None,Y,None,None,N,None,None,None,None,None,None,None,None,None,N,N,None,None,None,None,None,None,N,None,None,None,None,None,None,None,None,None,None,None,None,None,None,None,None,None,None,None,None,None,None,None,None,None,None,None,None,Y,None,Y,None,None,None,None,None,None,None,None,None,N,Y,None,None,Y,None,None,None,N,None,N,None,None,Y,N,None,None,None,None,None,None,None,None,None,None,Y,None,None,None,None,None,None,None,None,None,None,N,Y,None,N,None,None,None,None,None,Y,None,None,None,None,None,None,None,None,None,None,None,None,None,None,None,N,None,None,None,None,None,None,None,None,None,None,None,None,None,None,None,None,None,None,None,None,None,None,None,Y,None,None,None,None,None,None,None,None,None,None,N,None,None,None,None,None,None,Y,None,None,None,None,None,None,None,None,Y,None,None,None,None,N,NV,None,Y,None,None,None,None,None,None,None,None,None,None,None,None,None,None,None,None,None,None,None,None,Y,None,None,None,None,None,None,None,None,None,None,NV,None,None,None,None,None,None,None,None,Y,None,None,N,None,N,None,None,None,None,Y,None,None,None,None,None,None,None,N,None,None,None,Y,None,None,None,None,None,None,None,None,None,None,None,None,None,None,None,None,None,None,None,None,N,None,None,Y,None,None,None,None,None,None,None,None,None,N,None,None,Y,Y,None,None,Y,None,None,None,None,Y,None,None,Y,None,None,None,None,None,None,None,None,None,None,Y,None,None,N,None,None,Y,None,None,None,None,None,None,None,None,None,Y,None,None,N,None,None,None,None,None,None,None,N,None,None,Y,None,None,None,None,None,None,None,None,None,None,None,N,None,None,None,None,None,None,None,None,None,None,None,None,None,None,None,None
s1-114,s42-2015,None,None,None,None,None,Y,None,None,None,None,None,N,None,None,None,None,None,None,None,None,None,None,None,None,None,None,None,None,None,Y,None,None,N,None,None,N,N,None,None,None,N,None,None,None,Y,None,None,None,None,None,None,None,None,None,None,None,None,None,None,Y,None,None,N,None,None,None,None,None,None,None,None,None,N,None,None,None,None,None,None,None,None,None,None,N,None,None,None,None,None,None,None,None,None,None,None,N,N,N,None,None,None,None,Y,None,None,Y,None,None,None,None,Y,None,N,None,None,None,None,None,Y,None,None,None,None,None,Y,None,None,None,None,None,None,None,None,None,None,None,N,Y,None,Y,None,None,None,None,None,None,None,None,None,None,None,N,None,None,None,None,None,None,Y,None,None,N,None,None,None,None,None,None,None,None,None,None,None,None,None,None,None,None,N,None,None,None,None,Y,None,None,None,None,None,None,None,Y,None,None,None,None,None,None,None,None,None,None,Y,None,None,None,None,None,None,Y,None,None,None,N,None,None,None,N,None,None,None,None,None,None,None,None,N,None,None,None,None,None,Y,None,None,N,None,Y,None,None,None,None,None,None,None,None,None,None,N,None,None,None,None,Y,None,None,None,None,None,None,None,None,None,None,None,None,None,None,None,None,None,None,None,Y,None,None,None,None,None,None,None,None,None,None,Y,N,None,N,None,None,None,None,None,None,None,None,None,None,None,None,None,None,Y,None,None,None,None,None,None,None,N,None,None,None,None,Y,Y,None,None,None,None,None,None,None,None,None,None,None,None,None,None,Y,None,None,None,None,None,None,None,None,None,None,None,None,None,Y,None,None,N,None,None,None,None,None,None,None,None,None,N,N,None,None,None,None,None,None,N,None,None,None,None,None,None,None,None,None,None,None,None,None,None,None,None,None,None,None,None,None,None,None,None,None,None,None,None,Y,None,N,None,None,None,None,None,None,None,None,None,N,Y,None,None,Y,None,None,None,N,None,N,None,None,Y,N,None,None,None,None,None,None,None,None,None,None,Y,None,None,None,None,None,None,None,None,None,None,N,N,None,N,None,None,None,None,None,Y,None,None,None,None,None,None,None,None,None,None,None,None,None,None,None,N,None,None,None,None,None,None,None,None,None,None,None,None,None,None,None,None,None,None,None,None,None,None,None,Y,None,None,None,None,None,None,None,None,None,None,N,None,None,None,None,None,None,N,None,None,None,None,None,None,None,None,Y,None,None,None,None,N,NV,None,Y,None,None,None,None,None,None,None,None,None,None,None,None,None,None,None,None,None,None,None,None,Y,None,None,None,None,None,None,None,None,None,None,NV,None,None,None,None,None,None,None,None,Y,None,None,N,None,N,None,None,None,None,Y,None,None,None,None,None,None,None,N,None,None,None,Y,None,None,None,None,None,None,None,None,None,None,None,None,None,None,None,None,None,None,None,None,N,None,None,Y,None,None,None,None,None,None,None,None,None,N,None,None,Y,Y,None,None,Y,None,None,None,None,Y,None,None,N,None,None,None,None,None,None,None,None,None,None,Y,None,None,N,None,None,Y,None,None,None,None,None,None,None,None,None,Y,None,None,N,None,None,None,None,None,None,None,N,None,None,N,None,None,None,None,None,None,None,None,None,None,None,N,None,None,None,None,None,None,None,None,None,None,None,None,None,None,None,None
s1-114,s43-2015,None,None,None,None,None,Y,None,None,None,None,None,Y,None,None,None,None,None,None,None,None,None,None,None,None,None,None,None,None,None,Y,None,None,Y,None,None,Y,Y,None,None,None,Y,None,None,None,N,None,None,None,None,None,None,None,None,None,None,None,None,None,None,N,None,None,Y,None,None,None,None,None,None,None,None,None,Y,None,None,None,None,None,None,None,None,None,None,Y,None,None,None,None,None,None,None,None,None,None,None,Y,Y,Y,None,None,None,None,N,None,None,N,None,None,None,None,N,None,Y,None,None,None,None,None,Y,None,None,None,None,None,N,None,None,None,None,None,None,None,None,None,None,None,Y,Y,None,N,None,None,None,None,None,None,None,None,None,None,None,Y,None,None,None,None,None,None,N,None,None,N,None,None,None,None,None,None,None,None,None,None,None,None,None,None,None,None,Y,None,None,None,None,Y,None,None,None,None,None,None,None,N,None,None,None,None,None,None,None,None,None,None,N,None,None,None,None,None,None,N,None,None,None,Y,None,None,None,N,None,None,None,None,None,None,None,None,Y,None,None,None,None,None,N,None,None,Y,None,N,None,None,None,None,None,None,None,None,None,None,Y,None,None,None,None,Y,None,None,None,None,None,None,None,None,None,None,None,None,None,None,None,None,None,None,None,N,None,None,None,None,None,None,None,None,None,None,N,Y,None,Y,None,None,None,None,None,None,None,None,None,None,None,None,None,None,N,None,None,None,None,None,None,None,Y,None,None,None,None,N,N,None,None,None,None,None,None,None,None,None,None,None,None,None,None,N,None,None,None,None,None,None,None,None,None,None,None,None,None,Y,None,None,Y,None,None,None,None,None,None,None,None,None,Y,Y,None,None,None,None,None,None,Y,None,None,None,None,None,None,None,None,None,None,None,None,None,None,None,None,None,None,None,None,None,None,None,None,None,None,None,None,N,None,N,None,None,None,None,None,None,None,None,None,Y,Y,None,None,N,None,None,None,Y,None,Y,None,None,N,Y,None,None,None,None,None,None,None,None,None,None,N,None,None,None,None,None,None,None,None,None,None,Y,Y,None,Y,None,None,None,None,None,Y,None,None,None,None,None,None,None,None,None,None,None,None,None,None,None,Y,None,None,None,None,None,None,None,None,None,None,None,None,None,None,None,None,None,None,None,None,None,None,None,Y,None,None,None,None,None,None,None,None,None,None,Y,None,None,None,None,None,None,N,None,None,None,None,None,None,None,None,N,None,None,None,None,Y,NV,None,N,None,None,None,None,None,None,None,None,None,None,None,None,None,None,None,None,None,None,None,None,N,None,None,None,None,None,None,None,None,None,None,NV,None,None,None,None,None,None,None,None,N,None,None,Y,None,Y,None,None,None,None,N,None,None,None,None,None,None,None,Y,None,None,None,N,None,None,None,None,None,None,None,None,None,None,None,None,None,None,None,None,None,None,None,None,Y,None,None,N,None,None,None,None,None,None,None,None,None,Y,None,None,N,N,None,None,Y,None,None,None,None,N,None,None,Y,None,None,None,None,None,None,None,None,None,None,Y,None,None,Y,None,None,N,None,None,None,None,None,None,None,None,None,N,None,None,Y,None,None,None,None,None,None,None,Y,None,None,Y,None,None,None,None,None,None,None,None,None,None,None,Y,None,None,None,None,None,None,None,None,None,None,None,None,None,None,None,None
